No,Style Category,Type,Keywords,Primary Colors,Secondary Colors,Effects & Animation,Best For,Do Not Use For,Light Mode [v],Dark Mode [v],Performance,Accessibility,Mobile-Friendly,Conversion-Focused,Framework Compatibility,Era/Origin,Complexity,AI Prompt Keywords,CSS/Technical Keywords,Implementation Checklist,Design System Variables
1,Minimalism & Swiss Style,General,"Clean, simple, spacious, functional, white space, high contrast, geometric, sans-serif, grid-based, essential","Monochromatic, Black #000000, White #FFFFFF","Neutral (Beige #F5F1E8, Grey #808080, Taupe #B38B6D), Primary accent","Subtle hover (200-250ms), smooth transitions, sharp shadows if any, clear type hierarchy, fast loading","Enterprise apps, dashboards, documentation sites, SaaS platforms, professional tools","Creative portfolios, entertainment, playful brands, artistic experiments",[v] Full,[v] Full,>>> Excellent,[v] WCAG AAA,[v] High,~ Medium,"Tailwind 10/10, Bootstrap 9/10, MUI 9/10",1950s Swiss,Low,"Design a minimalist landing page. Use: white space, geometric layouts, sans-serif fonts, high contrast, grid-based structure, essential elements only.","display: grid, gap: 2rem, font-family: sans-serif, color: #000 or #FFF, max-width: 1200px, clean borders, no box-shadow unless necessary","[ ] Grid-based layout 12-16 columns, [ ] Typography hierarchy clear, [ ] No unnecessary decorations, [ ] WCAG AAA contrast verified, [ ] Mobile responsive grid","--spacing: 2rem, --border-radius: 0px, --font-weight: 400-700, --shadow: none, --accent-color: single primary only"
2,Neumorphism,General,"Soft UI, embossed, debossed, convex, concave, light source, subtle depth, rounded (12-16px), monochromatic","Light pastels: Soft Blue #C8E0F4, Soft Pink #F5E0E8, Soft Grey #E8E8E8","Tints/shades (±30%), gradient subtlety, color harmony","Soft box-shadow (multiple: -5px -5px 15px, 5px 5px 15px), smooth press (150ms), inner subtle shadow","Health/wellness apps, meditation platforms, fitness trackers, minimal interaction UIs","Complex apps, critical accessibility, data-heavy dashboards, high-contrast required",[v] Full,~ Partial,>>> Good,[!] Low contrast,[v] Good,~ Medium,"Tailwind 8/10, CSS-in-JS 9/10",2020s Modern,Medium,"Create a neumorphic UI with soft 3D effects. Use light pastels, rounded corners (12-16px), subtle soft shadows (multiple layers), no hard lines, monochromatic color scheme.","border-radius: 12-16px, box-shadow: -5px -5px 15px rgba(0,0,0,0.1), 5px 5px 15px rgba(255,255,255,0.8), background: linear-gradient(145deg, color1, color2)","[ ] Rounded corners 12-16px consistent, [ ] Multiple shadow layers (2-3), [ ] Pastel color verified, [ ] Press animation smooth 150ms","--border-radius: 14px, --shadow-soft-1: -5px -5px 15px, --shadow-soft-2: 5px 5px 15px, --color-light: #F5F5F5"
3,Glassmorphism,General,"Frosted glass, transparent, blurred background, layered, vibrant background, light source, depth, multi-layer","Translucent white: rgba(255,255,255,0.1-0.3)","Vibrant: Electric Blue #0080FF, Neon Purple #8B00FF, Vivid Pink #FF1493, Teal #20B2AA","Backdrop blur (10-20px), subtle border (1px solid rgba white 0.2), light reflection, Z-depth","Modern SaaS, financial dashboards, high-end corporate, lifestyle apps, modal overlays, navigation","Low-contrast backgrounds, critical accessibility, performance-limited, dark text on dark",[v] Full,[v] Full,[!] Good,[!] Ensure 4.5:1,[v] Good,[v] High,"Tailwind 9/10, MUI 8/10, Chakra 8/10",2020s Modern,Medium,"Design a glassmorphic interface with frosted glass effect. Use backdrop blur (10-20px), translucent overlays (rgba 10-30% opacity), vibrant background colors, subtle borders.","backdrop-filter: blur(15px), background: rgba(255, 255, 255, 0.15), border: 1px solid rgba(255,255,255,0.2), -webkit-backdrop-filter: blur(15px)","[ ] Backdrop-filter blur 10-20px, [ ] Translucent white 15-30% opacity, [ ] Subtle border 1px light, [ ] Text contrast 4.5:1 checked","--blur-amount: 15px, --glass-opacity: 0.15, --border-color: rgba(255,255,255,0.2), --background: vibrant color"
4,Brutalism,General,"Raw, unpolished, stark, high contrast, plain text, default fonts, visible borders, asymmetric, anti-design","Primary: Red #FF0000, Blue #0000FF, Yellow #FFFF00, Black #000000, White #FFFFFF","Limited: Neon Green #00FF00, Hot Pink #FF00FF, minimal secondary","No smooth transitions (instant), sharp corners (0px), bold typography (700+), visible grid, large blocks","Design portfolios, artistic projects, counter-culture brands, editorial/media sites, tech blogs","Corporate environments, conservative industries, critical accessibility, customer-facing professional",[v] Full,[v] Full,>>> Excellent,[v] WCAG AAA,~ Medium,--- Low,"Tailwind 10/10, Bootstrap 7/10",1950s Brutalist,Low,"Create a brutalist design with raw, unpolished, stark aesthetic. Use pure primary colors (red, blue, yellow), black & white, no smooth transitions (instant), sharp corners, bold large typography.","border-radius: 0px, transition: none or 0s, font-family: system-ui or monospace, font-weight: 700+, border: visible 2-4px","[ ] No border-radius (0px), [ ] No transitions (instant), [ ] Bold typography (700+), [ ] Pure primary colors used, [ ] Visible grid/borders","--border-radius: 0px, --transition-duration: 0s, --font-weight: 700-900, --colors: primary only"
5,3D & Hyperrealism,General,"Depth, realistic textures, 3D models, spatial navigation, tactile, skeuomorphic elements, rich detail, immersive","Deep Navy #001F3F, Forest Green #228B22, Burgundy #800020, Gold #FFD700, Silver #C0C0C0","Complex gradients (5-10 stops), realistic lighting, shadow variations (20-40% darker)","WebGL/Three.js 3D, realistic shadows (layers), physics lighting, parallax (3-5 layers), smooth 3D (300-400ms)","Gaming, product showcase, immersive experiences, high-end e-commerce, architectural viz, VR/AR","Low-end mobile, performance-limited, critical accessibility, data tables/forms",~ Partial,~ Partial,[X] Poor,[!] Not accessible,--- Low,~ Medium,"Three.js 10/10, R3F 10/10, Babylon.js 10/10",2020s Modern,High,"Build an immersive 3D interface using realistic textures, 3D models (Three.js/Babylon.js), complex shadows, realistic lighting, parallax scrolling (3-5 layers).","transform: translate3d, perspective: 1000px, WebGL canvas, Three.js/Babylon.js library, box-shadow: complex multi-layer","[ ] WebGL/Three.js integrated, [ ] 3D models loaded, [ ] Parallax 3-5 layers, [ ] Realistic lighting verified","--perspective: 1000px, --parallax-layers: 5, --lighting-intensity: realistic, --shadow-depth: 20-40%"
6,Vibrant & Block-based,General,"Bold, energetic, playful, block layout, geometric shapes, high color contrast, duotone, modern, energetic","Neon Green #39FF14, Electric Purple #BF00FF, Vivid Pink #FF1493, Bright Cyan #00FFFF, Sunburst #FFAA00","Complementary: Orange #FF7F00, Shocking Pink #FF006E, Lime #CCFF00, triadic schemes","Large sections (48px+ gaps), animated patterns, bold hover (color shift), scroll-snap, large type (32px+), 200-300ms","Startups, creative agencies, gaming, social media, youth-focused, entertainment, consumer","Financial institutions, healthcare, formal business, government, conservative, elderly",[v] Full,[v] Full,>>> Good,~ Ensure WCAG,[v] High,[v] High,"Tailwind 10/10, Chakra 9/10, Styled 9/10",2020s Modern,Medium,"Design an energetic, vibrant interface with bold block layouts, geometric shapes, high color contrast, large typography (32px+), animated background patterns.","display: flex/grid with large gaps (48px+), font-size: 32px+, background: animated patterns (CSS), color: neon/vibrant colors","[ ] Block layout with 48px+ gaps, [ ] Large typography 32px+, [ ] 4-6 vibrant colors max, [ ] Animated patterns active","--block-gap: 48px, --typography-size: 32px+, --color-palette: 4-6 vibrant colors, --contrast-ratio: 7:1+"
7,Dark Mode (OLED),General,"Dark theme, low light, high contrast, deep black, midnight blue, eye-friendly, OLED, night mode, power efficient","Deep Black #000000, Dark Grey #121212, Midnight Blue #0A0E27","Vibrant accents: Neon Green #39FF14, Electric Blue #0080FF, Gold #FFD700, Plasma Purple #BF00FF","Minimal glow (text-shadow: 0 0 10px), dark-to-light transitions, low white emission, high readability, visible focus","Night-mode apps, coding platforms, entertainment, eye-strain prevention, OLED devices, low-light","Print-first content, high-brightness outdoor, color-accuracy-critical",--- No,[v] Only,>>> Excellent,[v] WCAG AAA,[v] High,~ Low,"Tailwind 10/10, MUI 10/10, Chakra 10/10",2020s Modern,Low,"Create an OLED-optimized dark interface with deep black (#000000), dark grey (#121212), midnight blue accents. Use minimal glow effects, vibrant neon accents.","background: #000000 or #121212, color: #FFFFFF or #E0E0E0, text-shadow: 0 0 10px neon-color (sparingly), color-scheme: dark","[ ] Deep black #000000 or #121212, [ ] Vibrant neon accents used, [ ] Text contrast 7:1+, [ ] OLED power optimization","--bg-black: #000000, --bg-dark-grey: #121212, --text-primary: #FFFFFF, --accent-neon: neon colors, --oled-optimized: true"
8,Accessible & Ethical,General,"High contrast, large text (16px+), keyboard navigation, screen reader friendly, WCAG compliant, focus state, semantic","WCAG AA/AAA (4.5:1 min), simple primary, clear secondary, high luminosity (7:1+)","Symbol-based colors (not color-only), supporting patterns, inclusive combinations","Clear focus rings (3-4px), ARIA labels, skip links, responsive design, reduced motion, 44x44px touch targets","Government, healthcare, education, inclusive products, large audience, legal compliance, public","None - accessibility universal,[v] Full,[v] Full,>>> Excellent,[v] WCAG AAA,[v] High,[v] High,All frameworks 10/10,Universal,Low,"Design with WCAG AAA compliance. Include: high contrast (7:1+), large text (16px+), keyboard navigation, screen reader compatibility, focus states visible (3-4px ring), semantic HTML.","color-contrast: 7:1+, font-size: 16px+, outline: 3-4px on :focus-visible, aria-label, role attributes, @media (prefers-reduced-motion)","[ ] WCAG AAA verified, [ ] 7:1+ contrast checked, [ ] Keyboard navigation tested, [ ] Focus visible 3-4px, [ ] Touch targets 44x44px","--contrast-ratio: 7:1, --font-size-min: 16px, --focus-ring: 3-4px, --touch-target: 44x44px, --wcag-level: AAA"
9,Claymorphism,General,"Soft 3D, chunky, playful, toy-like, bubbly, thick borders (3-4px), double shadows, rounded (16-24px)","Pastel: Soft Peach #FDBCB4, Baby Blue #ADD8E6, Mint #98FF98, Lilac #E6E6FA, light BG","Soft gradients (pastel-to-pastel), light/dark variations (20-30%), gradient subtle","Inner+outer shadows (subtle, no hard lines), soft press (200ms ease-out), fluffy elements, smooth transitions","Educational apps, children's apps, SaaS platforms, creative tools, fun-focused, onboarding, casual games","Formal corporate, professional services, data-critical, serious/medical, legal apps, finance",[v] Full,~ Partial,>>> Good,[!] Ensure 4.5:1,[v] High,[v] High,"Tailwind 9/10, CSS-in-JS 9/10",2020s Modern,Medium,"Design a playful, toy-like interface with soft 3D, chunky elements, bubbly aesthetic, rounded edges (16-24px), thick borders (3-4px), double shadows (inner + outer), pastel colors.","border-radius: 16-24px, border: 3-4px solid, box-shadow: inset -2px -2px 8px, 4px 4px 8px, background: pastel-gradient","[ ] Border-radius 16-24px, [ ] Thick borders 3-4px, [ ] Double shadows (inner+outer), [ ] Pastel colors used, [ ] Soft bounce animations","--border-radius: 20px, --border-width: 3-4px, --shadow-inner: inset -2px -2px 8px, --shadow-outer: 4px 4px 8px"
10,Aurora UI,General,"Vibrant gradients, smooth blend, Northern Lights effect, mesh gradient, luminous, atmospheric, abstract","Complementary: Blue-Orange, Purple-Yellow, Electric Blue #0080FF, Magenta #FF1493, Cyan #00FFFF","Smooth transitions (Blue→Purple→Pink→Teal), iridescent effects, blend modes (screen, multiply)","Large flowing CSS/SVG gradients, subtle 8-12s animations, depth via color layering, smooth morph","Modern SaaS, creative agencies, branding, music platforms, lifestyle, premium products, hero sections","Data-heavy dashboards, critical accessibility, content-heavy where distraction issues",[v] Full,[v] Full,[!] Good,[!] Text contrast,[v] Good,[v] High,"Tailwind 9/10, CSS-in-JS 10/10",2020s Modern,Medium,"Create a vibrant gradient interface inspired by Northern Lights with mesh gradients, smooth color blends, flowing animations. Use complementary color pairs (blue-orange, purple-yellow), flowing background gradients, subtle continuous animations (8-12s loops).","background: conic-gradient or radial-gradient with multiple stops, animation: @keyframes gradient (8-12s), background-size: 200% 200%, filter: saturate(1.2), blend-mode: screen or multiply","[ ] Mesh/flowing gradients applied, [ ] 8-12s animation loop, [ ] Complementary colors used, [ ] Smooth color transitions","--gradient-colors: complementary pairs, --animation-duration: 8-12s, --blend-mode: screen, --color-saturation: 1.2"
11,Retro-Futurism,General,"Vintage sci-fi, 80s aesthetic, neon glow, geometric patterns, CRT scanlines, pixel art, cyberpunk, synthwave","Neon Blue #0080FF, Hot Pink #FF006E, Cyan #00FFFF, Deep Black #1A1A2E, Purple #5D34D0","Metallic Silver #C0C0C0, Gold #FFD700, duotone, 80s Pink #FF10F0, neon accents","CRT scanlines (::before overlay), neon glow (text-shadow+box-shadow), glitch effects (skew/offset keyframes)","Gaming, entertainment, music platforms, tech brands, artistic projects, nostalgic, cyberpunk","Conservative industries, critical accessibility, professional/corporate, elderly, legal/finance",[v] Full,[v] Dark focused,[!] Moderate,[!] High contrast/strain,~ Medium,~ Medium,"Tailwind 8/10, CSS-in-JS 9/10",1980s Retro,Medium,"Build a retro-futuristic (cyberpunk/vaporwave) interface with neon colors (blue, pink, cyan), deep black background, 80s aesthetic, CRT scanlines, glitch effects, neon glow text/borders.","color: neon colors (#0080FF, #FF006E, #00FFFF), text-shadow: 0 0 10px neon, background: #000 or #1A1A2E, font-family: monospace, animation: glitch (skew+offset)","[ ] Neon colors used, [ ] CRT scanlines effect, [ ] Glitch animations active, [ ] Monospace font, [ ] Deep black background, [ ] Glow effects applied","--neon-colors: #0080FF #FF006E #00FFFF, --background: #000000, --font-family: monospace, --effect: glitch+glow"
12,Flat Design,General,"2D, minimalist, bold colors, no shadows, clean lines, simple shapes, typography-focused, modern, icon-heavy","Solid bright: Red, Orange, Blue, Green, limited palette (4-6 max)","Complementary colors, muted secondaries, high saturation, clean accents","No gradients/shadows, simple hover (color/opacity shift), fast loading, clean transitions (150-200ms ease), minimal icons","Web apps, mobile apps, cross-platform, startup MVPs, user-friendly, SaaS, dashboards, corporate","Complex 3D, premium/luxury, artistic portfolios, immersive experiences, high-detail",[v] Full,[v] Full,>>> Excellent,[v] WCAG AAA,[v] High,[v] High,"Tailwind 10/10, Bootstrap 10/10, MUI 9/10",2010s Modern,Low,"Create a flat, 2D interface with bold colors, no shadows/gradients, clean lines, simple geometric shapes, icon-heavy, typography-focused, minimal ornamentation.","box-shadow: none, background: solid color, border-radius: 0-4px, color: solid (no gradients), fill: solid, stroke: 1-2px, font: bold sans-serif","[ ] No shadows/gradients, [ ] 4-6 solid colors max, [ ] Clean lines consistent, [ ] Simple shapes used, [ ] High saturation colors","--shadow: none, --color-palette: 4-6 solid, --border-radius: 2px, --gradient: none, --animation: minimal 150-200ms"
13,Skeuomorphism,General,"Realistic, texture, depth, 3D appearance, real-world metaphors, shadows, gradients, tactile, detailed, material","Rich realistic: wood, leather, metal colors, detailed gradients (8-12 stops), metallic effects","Realistic lighting gradients, shadow variations (30-50% darker), texture overlays, material colors","Realistic shadows (layers), depth (perspective), texture details (noise, grain), realistic animations (300-500ms)","Legacy apps, gaming, immersive storytelling, premium products, luxury, realistic simulations, education","Modern enterprise, critical accessibility, low-performance, web (use Flat/Modern)",~ Partial,~ Partial,[X] Poor,[!] Textures reduce readability,--- Low,~ Medium,"CSS-in-JS 7/10, Custom 8/10",2007-2012 iOS,High,"Design a realistic, textured interface with 3D depth, real-world metaphors (leather, wood, metal), complex gradients (8-12 stops), realistic shadows, grain/texture overlays.","background: complex gradient (8-12 stops), box-shadow: realistic multi-layer, background-image: texture overlay (noise, grain), filter: drop-shadow","[ ] Realistic textures applied, [ ] Complex gradients 8-12 stops, [ ] Multi-layer shadows, [ ] Texture overlays present","--gradient-stops: 8-12, --texture-overlay: noise+grain, --shadow-layers: 3+, --animation-duration: 300-500ms"
14,Liquid Glass,General,"Flowing glass, morphing, smooth transitions, fluid effects, translucent, animated blur, iridescent, chromatic aberration","Vibrant iridescent (rainbow spectrum), translucent base with opacity shifts, gradient fluidity","Chromatic aberration (Red-Cyan), iridescent oil-spill, fluid gradient blends, holographic effects","Morphing elements (SVG/CSS), fluid animations (400-600ms curves), dynamic blur (backdrop-filter), color transitions","Premium SaaS, high-end e-commerce, creative platforms, branding experiences, luxury portfolios","Performance-limited, critical accessibility, complex data, budget projects",[v] Full,[v] Full,[!] Moderate-Poor,[!] Text contrast,~ Medium,[v] High,"Framer Motion 10/10, GSAP 10/10",2020s Modern,High,"Create a premium liquid glass effect with morphing shapes, flowing animations, chromatic aberration, iridescent gradients, smooth 400-600ms transitions.","animation: morphing SVG paths (400-600ms), backdrop-filter: blur + saturate, filter: hue-rotate + brightness, blend-mode: screen","[ ] Morphing animations 400-600ms, [ ] Chromatic aberration applied, [ ] Dynamic blur active, [ ] Iridescent gradients","--morph-duration: 400-600ms, --blur-amount: 15px, --chromatic-aberration: true, --iridescent: true, --blend-mode: screen"
15,Motion-Driven,General,"Animation-heavy, microinteractions, smooth transitions, scroll effects, parallax, entrance anim, page transitions","Bold colors emphasize movement, high contrast animated, dynamic gradients, accent action colors","Transitional states, success (Green #22C55E), error (Red #EF4444), neutral feedback","Scroll anim (Intersection Observer), hover (300-400ms), entrance, parallax (3-5 layers), page transitions","Portfolio sites, storytelling platforms, interactive experiences, entertainment apps, creative, SaaS","Data dashboards, critical accessibility, low-power devices, content-heavy, motion-sensitive",[v] Full,[v] Full,[!] Good,[!] Prefers-reduced-motion,[v] Good,[v] High,"GSAP 10/10, Framer Motion 10/10",2020s Modern,High,"Build an animation-heavy interface with scroll-triggered animations, microinteractions, parallax scrolling (3-5 layers), smooth transitions (300-400ms), entrance animations, page transitions.","animation: @keyframes scroll-reveal, transform: translateY/X, Intersection Observer API, will-change: transform, scroll-behavior: smooth","[ ] Scroll animations active, [ ] Parallax 3-5 layers, [ ] Entrance animations smooth, [ ] Page transitions fluid, [ ] GPU accelerated","--animation-duration: 300-400ms, --parallax-layers: 5, --scroll-behavior: smooth, --gpu-accelerated: true"
16,Micro-interactions,General,"Small animations, gesture-based, tactile feedback, subtle animations, contextual interactions, responsive","Subtle color shifts (10-20%), feedback: Green #22C55E, Red #EF4444, Amber #F59E0B","Accent feedback, neutral supporting, clear action indicators","Small hover (50-100ms), loading spinners, success/error state anim, gesture-triggered (swipe/pinch), haptic","Mobile apps, touchscreen UIs, productivity tools, user-friendly, consumer apps, interactive components","Desktop-only, critical performance, accessibility-first (alternatives needed)",[v] Full,[v] Full,>>> Excellent,[v] Good,[v] High,[v] High,"Framer Motion 10/10, React Spring 9/10",2020s Modern,Medium,"Design with delightful micro-interactions: small 50-100ms animations, gesture-based responses, tactile feedback, loading spinners, success/error states, subtle hover effects.","animation: short 50-100ms, transition: hover states, @media (hover: hover) for desktop, :active for press","[ ] Micro-animations 50-100ms, [ ] Gesture-responsive, [ ] Tactile feedback visual/haptic, [ ] Loading spinners smooth, [ ] Hover effects subtle","--micro-animation-duration: 50-100ms, --gesture-responsive: true, --haptic-feedback: true, --loading-animation: smooth"
17,Inclusive Design,General,"Accessible, color-blind friendly, high contrast, haptic feedback, voice interaction, screen reader, WCAG AAA, universal","WCAG AAA (7:1+ contrast), avoid red-green only, symbol-based indicators, high contrast primary","Supporting patterns (stripes, dots, hatch), symbols, combinations, clear non-color indicators","Haptic feedback (vibration), voice guidance, focus indicators (4px+ ring), motion options, alt content, semantic","Public services, education, healthcare, finance, government, accessible consumer, inclusive",None - accessibility universal,[v] Full,[v] Full,>>> Excellent,[v] WCAG AAA,[v] High,[v] High,All frameworks 10/10,Universal,Low,"Design for universal accessibility: high contrast (7:1+), large text (16px+), keyboard-only navigation, screen reader optimization, WCAG AAA compliance.","aria-* attributes complete, role attributes semantic, focus-visible: 3-4px ring, color-contrast: 7:1+, @media (prefers-reduced-motion), alt text on all images","[ ] WCAG AAA verified, [ ] 7:1+ contrast all text, [ ] Keyboard accessible (Tab/Enter), [ ] Screen reader tested, [ ] Focus visible 3-4px, [ ] No color-only indicators","--contrast-ratio: 7:1, --font-size: 16px+, --keyboard-accessible: true, --sr-compatible: true, --wcag-level: AAA"
18,Zero Interface,General,"Minimal visible UI, voice-first, gesture-based, AI-driven, invisible controls, predictive, context-aware, ambient","Neutral backgrounds: Soft white #FAFAFA, light grey #F0F0F0, warm off-white #F5F1E8","Subtle feedback: light green, light red, minimal UI elements, soft accents","Voice recognition UI, gesture detection, AI predictions (smooth reveal), progressive disclosure, smart suggestions","Voice assistants, AI platforms, future-forward UX, smart home, contextual computing, ambient experiences","Complex workflows, data-entry heavy, traditional systems, legacy support, explicit control",[v] Full,[v] Full,>>> Excellent,[v] Excellent,[v] High,[v] High,"Tailwind 10/10, Custom 10/10",2020s AI-Era,Low,"Create a voice-first, gesture-based, AI-driven interface with minimal visible UI, progressive disclosure, voice recognition UI, gesture detection, AI predictions, smart suggestions.","voice-commands: Web Speech API, gesture-detection: touch events, AI-predictions: hidden by default (reveal on hover), progressive-disclosure: show on demand","[ ] Voice commands responsive, [ ] Gesture detection active, [ ] AI predictions hidden/revealed, [ ] Progressive disclosure working, [ ] Minimal visible UI","--voice-ui: enabled, --gesture-detection: active, --ai-predictions: smart, --progressive-disclosure: true, --visible-ui: minimal"
19,Soft UI Evolution,General,"Evolved soft UI, better contrast, modern aesthetics, subtle depth, accessibility-focused, improved shadows, hybrid","Improved contrast pastels: Soft Blue #87CEEB, Soft Pink #FFB6C1, Soft Green #90EE90, better hierarchy","Better combinations, accessible secondary, supporting with improved contrast, modern accents","Improved shadows (softer than flat, clearer than neumorphism), modern (200-300ms), focus visible, WCAG AA/AAA","Modern enterprise apps, SaaS platforms, health/wellness, modern business tools, professional, hybrid","Extreme minimalism, critical performance, systems without modern OS",[v] Full,[v] Full,>>> Excellent,[v] WCAG AA+,[v] High,[v] High,"Tailwind 9/10, MUI 9/10, Chakra 9/10",2020s Modern,Medium,"Design evolved neumorphism with improved contrast (WCAG AA+), modern aesthetics, subtle depth, accessibility focus. Use soft shadows (softer than flat but clearer than pure neumorphism), better color hierarchy.","box-shadow: softer multi-layer (0 2px 4px), background: improved contrast pastels, border-radius: 8-12px, animation: 200-300ms smooth, outline: 2-3px on focus, contrast: 4.5:1+","[ ] Improved contrast AA/AAA, [ ] Soft shadows modern, [ ] Border-radius 8-12px, [ ] Animations 200-300ms, [ ] Focus states visible","--shadow-soft: modern blend, --border-radius: 10px, --animation-duration: 200-300ms, --contrast-ratio: 4.5:1+, --wcag-level: AA+"
20,Cyberpunk UI,General,"Neon, futuristic, cyber, dark, high-tech, glowing, holographic, grid, matrix, sci-fi, tech-noir","Neon Blue #0080FF, Hot Pink #FF006E, Cyan #00FFFF, Deep Black #000000, Purple #8B00FF","Metallic Silver #C0C0C0, Neon Green #39FF14, Gold #FFD700, holographic effects","Neon glow (text-shadow + box-shadow), glitch effects, holographic overlays, grid patterns, CRT effects, matrix rain","Gaming, tech products, crypto apps, cybersecurity, entertainment, tech brands, sci-fi projects","Corporate, healthcare, education, conservative industries, elderly, formal business",[v] Full,[v] Full,[!] Moderate,[!] High contrast/strain,~ Medium,~ Medium,"Tailwind 9/10, CSS-in-JS 9/10",2020s Modern,Medium,"Design a cyberpunk interface with neon colors, deep black background, glowing effects, holographic overlays, grid patterns, glitch effects, futuristic typography, tech-noir aesthetic.","color: neon (#0080FF, #FF006E, #00FFFF), text-shadow: 0 0 10px neon, background: #000000, border: neon glow, animation: glitch+glow","[ ] Neon colors active, [ ] Glitch effects working, [ ] Holographic overlays, [ ] Grid patterns visible, [ ] Deep black background, [ ] Glow effects applied","--neon-primary: #0080FF, --neon-secondary: #FF006E, --neon-accent: #00FFFF, --background: #000000, --glow-intensity: 10px"
21,Bento Box Grid,General,"Grid layout, modular, compact, organized, card-based, dashboard, bento grid, masonry-like","Brand primary, neutral backgrounds, accent colors for cards, high contrast","Card-specific colors, subtle borders, category indicators","Grid transitions, card hover (lift/scale), responsive reflow, scroll-snap, smooth transitions (200-300ms)","Dashboards, product features, portfolios, personal websites, data-heavy apps","Simple content, single-column blogs, text-heavy articles",[v] Full,[v] Full,>>> Excellent,[v] WCAG AA,[v] High,[v] High,"Tailwind 10/10, CSS Grid 10/10",2020s Modern,Medium,"Design a Bento Box grid layout with modular, compact cards organized in a responsive grid. Use CSS Grid for layout, card hover effects, category-based coloring, smooth transitions.","display: grid, grid-template-columns: repeat(auto-fit, minmax(250px, 1fr)), gap: 1rem, card: border-radius + shadow + hover","[ ] Grid layout responsive, [ ] Cards modular and compact, [ ] Hover effects smooth (200-300ms), [ ] Mobile reflow working","--grid-gap: 1rem, --card-radius: 12px, --card-shadow: var(--shadow-md), --card-hover: translateY(-4px)"
22,Hero-Centric Design,Landing Page,"Large hero section, compelling headline, high-contrast CTA, product showcase, value proposition, hero image/video","Brand primary color, white/light backgrounds for contrast, accent color for CTA","Supporting colors for secondary CTAs, accent highlights, trust elements","Smooth scroll reveal, fade-in animations on hero, subtle background parallax, CTA glow/pulse effect","SaaS landing pages, product launches, service landing pages, B2B platforms","Complex navigation, multi-page experiences, data-heavy applications",[v] Full,[v] Full,>>> Good,[v] WCAG AA,[v] Full,[v] Very High,"Tailwind 10/10, Bootstrap 9/10",2020s Modern,Medium,"Design a hero-centric landing page with full-width hero section, compelling headline (60-80 chars), high-contrast CTA button, product screenshot or video, value proposition above fold.","min-height: 100vh, display: flex, align-items: center, background: linear-gradient or image, max-width: 800px for text","[ ] Hero section full viewport height, [ ] Headline visible above fold, [ ] CTA button high contrast, [ ] Mobile responsive layout","--hero-min-height: 100vh, --headline-size: clamp(2rem, 5vw, 4rem), --cta-padding: 1rem 2rem"
23,Conversion-Optimized,Landing Page,"Form-focused, minimalist design, single CTA focus, high contrast, urgency elements, trust signals, social proof","Primary brand color, high-contrast white/light backgrounds, warning/urgency colors","Secondary CTA color (muted), trust element colors, accent for key benefits","Hover states on CTA (color shift, slight scale), form field focus animations, loading spinner, success feedback","E-commerce product pages, free trial signups, lead generation, SaaS pricing pages","Complex feature explanations, multi-product showcases",[v] Full,[v] Full,>>> Excellent,[v] WCAG AA,[v] Full (mobile-optimized),[v] Very High,"Tailwind 10/10, Bootstrap 9/10",2020s Modern,Medium,"Design a conversion-optimized landing page with single primary CTA, minimal distractions, trust badges, urgency elements, social proof, clear value proposition, form above fold.","form with focus states, input:focus ring, button: primary color high contrast, position: sticky for CTA, max-width: 600px for form","[ ] Single primary CTA visible, [ ] Form fields minimal (3-5), [ ] Trust badges present, [ ] Social proof above fold, [ ] Mobile form optimized","--cta-color: high contrast primary, --form-max-width: 600px, --input-height: 48px, --focus-ring: 3px solid accent"
24,Data-Dense Dashboard,BI/Analytics,"Multiple charts/widgets, data tables, KPI cards, minimal padding, grid layout, space-efficient","Neutral primary (light grey/white #F5F5F5), data colors (blue/green/red), dark text #333333","Chart colors: success (green #22C55E), warning (amber #F59E0B), alert (red #EF4444), neutral (grey)","Hover tooltips, chart zoom on click, row highlighting on hover, smooth filter animations","Business intelligence dashboards, financial analytics, enterprise reporting","Marketing dashboards, consumer-facing analytics, simple reporting",[v] Full,[v] Full,>>> Excellent,[v] WCAG AA,~ Medium,--- Not applicable,"Recharts 9/10, Chart.js 9/10, D3.js 10/10",2020s Modern,Medium,"Design a data-dense dashboard with multiple chart widgets, KPI cards row, data tables with sorting, minimal padding (8-12px), efficient grid layout, filter sidebar.","display: grid, grid-template-columns: repeat(12, 1fr), gap: 8px, padding: 12px, font-size: 12-14px, overflow: auto for tables, sticky headers","[ ] Grid layout 12 columns, [ ] KPI cards responsive, [ ] Tables sortable, [ ] Filters functional, [ ] Loading states for data","--grid-gap: 8px, --card-padding: 12px, --font-size-small: 12px, --table-row-height: 36px, --sidebar-width: 240px"
25,AI-Native UI,General,"AI interface, chatbot, conversational, streaming text, context-aware, minimal chrome, intelligent, predictive","Neutral backgrounds, AI Purple (#6366F1), accent colors for actions, subtle gradients","Success green, error red, warning amber, neutral greys","Typing indicators, streaming text (character by character), smooth scroll to latest, context transitions, AI avatar","AI products, chatbots, copilots, intelligent assistants, AI-powered tools","Complex data entry, traditional forms, manual workflows",[v] Full,[v] Full,>>> Good,[v] WCAG AA,[v] High,[v] High,"Tailwind 10/10, Custom 10/10",2020s AI-Era,Medium,"Design an AI-native interface with chat-like conversational UI, streaming text display, minimal chrome, context-aware actions, typing indicators, smooth auto-scroll to latest message.","streaming text animation, typing indicator (3 dots), auto-scroll, message bubbles, AI avatar, minimal UI chrome","[ ] Streaming text working, [ ] Typing indicator visible, [ ] Auto-scroll smooth, [ ] Message bubbles styled, [ ] AI avatar present","--streaming-speed: 30ms, --typing-dot-delay: 0.3s, --message-max-width: 700px, --ai-primary: #6366F1"
26,Gradient Mesh,General,"Mesh gradients, flowing colors, organic shapes, abstract, artistic, vibrant, fluid, smooth","Vibrant mesh gradients (4-8 colors), organic blob shapes, fluid color blends","Complementary and triadic color combinations, smooth transitions","CSS mesh gradients (radial-gradient layers), SVG mesh, animated blob shapes, smooth color transitions (8-12s loops)","Creative agencies, branding, hero sections, premium products, artistic projects","Data-heavy dashboards, critical accessibility, content-heavy, performance-limited",[v] Full,[v] Full,[!] Good,[!] Text contrast,[v] Good,[v] High,"Tailwind 9/10, CSS-in-JS 10/10",2020s Modern,Medium,"Design with mesh gradients using multiple radial-gradient layers, organic blob shapes, flowing color transitions. Create artistic, abstract backgrounds with smooth 8-12s animation loops.","background: radial-gradient(circle at 20% 50%, color1 0%, transparent 50%), radial-gradient(circle at 80% 50%, color2 0%, transparent 50%), radial-gradient(circle at 50% 80%, color3 0%, transparent 50%), animation: mesh 12s ease infinite","[ ] Mesh gradients layered (3-4 radial-gradients), [ ] Organic shapes present, [ ] Color transitions smooth (8-12s), [ ] Text contrast verified, [ ] Performance optimized","--mesh-colors: 3-4 vibrant colors, --animation-duration: 8-12s, --shape: organic blob, --transition: smooth"
27,Pixel Art,General,"Pixel, 8-bit, retro, gaming, nostalgic, low-res, chunky, blocky, grid-based","Limited palette (16-32 colors), NES/SNES/GBA inspired, high contrast, pure colors","Secondary colors from classic palettes, limited shading, dithering effects","No anti-aliasing, pixel-perfect rendering, 1px borders, chunky animations (step-end timing), retro transitions","Indie games, retro apps, nostalgic brands, pixel art portfolios, gaming communities","Professional enterprise, luxury brands, formal business, critical accessibility",[v] Full,[v] Full,>>> Excellent,[v] WCAG AAA,[v] High,~ Medium,"Custom CSS, Tailwind 7/10",1980s-1990s Retro,Low,"Design a pixel art interface with limited color palette (16-32 colors), 1px borders, chunky step-end animations, retro gaming aesthetic, pixel-perfect rendering, dithering effects for shading.","image-rendering: pixelated, image-rendering: crisp-edges, border: 1px solid black, animation-timing-function: step-end, font-family: 'Press Start 2P' or 'VT323'","[ ] Limited palette (16-32 colors), [ ] 1px borders consistent, [ ] Step-end animations, [ ] Pixel-perfect rendering, [ ] Retro font used, [ ] Dithering effects for shading","--pixel-size: 1px, --animation-timing: step-end, --color-palette: 16-32 colors, --image-rendering: pixelated, --font-family: pixel font"
28,Y2K Aesthetic,General,"Y2K, 2000s, chrome, metallic, glossy, bubble, retro-futuristic, nostalgic, shiny","Chrome/silver #C0C0C0, Hot pink #FF69B4, Lime green #32CD32, Sky blue #87CEEB, purple #9370DB","Gradient chrome effects, glossy highlights, bubble shapes, star/sparkle decorations","Glossy reflections (linear-gradient highlights), chrome/metallic effects, bubble animations (bounce), sparkle decorations, glossy borders","Fashion brands, music artists, Gen Z products, nostalgic brands, creative projects","Corporate, formal business, data-heavy apps, critical accessibility",[v] Full,[v] Full,[!] Good,[!] Contrast issues,[v] High,~ Medium,"Tailwind 9/10, CSS-in-JS 9/10",2000s Retro,Medium,"Design a Y2K aesthetic interface with chrome/metallic effects, glossy reflections, bubble shapes, hot pink and lime accents, star decorations, glossy borders, retro-futuristic vibe.","background: linear-gradient(135deg, #C0C0C0, #E8E8E8, #C0C0C0), border: 2px solid #FF69B4, border-radius: 20px, box-shadow: inset 0 1px 0 rgba(255,255,255,0.5), animation: bounce 2s ease-in-out infinite","[ ] Chrome/metallic effects, [ ] Glossy reflections, [ ] Bubble shapes (rounded), [ ] Hot pink + lime accents, [ ] Star decorations, [ ] Bounce animations active","--chrome-gradient: linear-gradient(135deg, #C0C0C0, #E8E8E8, #C0C0C0), --accent-pink: #FF69B4, --accent-lime: #32CD32, --border-radius: 20px, --animation: bounce"
29,Vaporwave,General,"Vaporwave, aesthetic, retro, 80s/90s, japanese, glitch, nostalgic, dreamy, surreal","Pink #FF71CE, Cyan #01CDFE, Purple #B967FF, Yellow #FFFB96, retro pastels","VHS tracking effects, glitch artifacts, Japanese text, Greek/Roman statues, retro grids","VHS tracking lines (::before), glitch effects (RGB split), retro grid background, static noise overlay, CRT scanlines, dreamy blur","Music platforms, creative portfolios, art projects, nostalgic brands, vaporwave aesthetic","Corporate, formal business, data-heavy apps, critical accessibility",[v] Full,[v] Dark focused,[!] Moderate,[!] Contrast/strain issues,~ Medium,~ Medium,"Tailwind 8/10, CSS-in-JS 9/10",2010s Retro,Medium,"Design a vaporwave aesthetic interface with pink/cyan/purple gradient, VHS tracking effects, glitch RGB split, retro grid background, Japanese text elements, dreamy blur, CRT scanlines.","background: linear-gradient(180deg, #FF71CE 0%, #01CDFE 50%, #B967FF 100%), animation: vhs-tracking 0.1s linear infinite, filter: hue-rotate(0deg) saturate(2), text-shadow: 2px 2px #FF71CE, -2px -2px #01CDFE","[ ] Pink/cyan/purple gradient, [ ] VHS tracking effects, [ ] Glitch RGB split, [ ] Retro grid background, [ ] Japanese text elements, [ ] Dreamy blur/blur effects","--gradient-vapor: linear-gradient(180deg, #FF71CE, #01CDFE, #B967FF), --vhs-effect: tracking lines, --glitch-effect: RGB split, --grid-color: #B967FF"
30,Crystal/Crystal UI,General,"Crystal, glass, facet, prismatic, holographic, rainbow, light, refraction, premium, luxury","Translucent whites, holographic rainbow gradients, prismatic light effects, crystal clear","Rainbow spectrum accents, prismatic light effects, holographic overlays","Faceted edges (clip-path polygons), holographic gradients (conic-gradient with rainbow), light refraction effects, crystal-clear transparency, prismatic animations (hue-rotate)","Premium SaaS, luxury brands, creative agencies, high-end e-commerce, artistic projects","Performance-limited, critical accessibility, data-heavy, budget projects, dark backgrounds",[v] Full,[v] Full,[!] Poor,[!] Text contrast issues,~ Medium,[v] High,"Framer Motion 10/10, GSAP 10/10",2020s Modern,High,"Design a crystal/crystal UI interface with faceted edges (clip-path polygons), holographic rainbow gradients (conic-gradient), prismatic light effects, crystal-clear transparency, prismatic animations with hue-rotate.","clip-path: polygon(50% 0%, 100% 25%, 100% 75%, 50% 100%, 0% 75%, 0% 25%), background: conic-gradient(from 0deg, #ff0000, #ff8800, #ffff00, #00ff00, #00ffff, #0000ff, #ff00ff, #ff0000), animation: prismatic 8s linear infinite, filter: hue-rotate(0deg)","[ ] Faceted edges (clip-path polygons), [ ] Holographic rainbow gradients (conic-gradient), [ ] Prismatic light effects, [ ] Crystal-clear transparency, [ ] Prismatic animation (hue-rotate), [ ] Premium feel achieved","--clip-faceted: polygon(50% 0%, 100% 25%, 100% 75%, 50% 100%, 0% 75%, 0% 25%), --gradient-holographic: conic-gradient(from 0deg, rainbow), --animation-prismatic: hue-rotate 8s linear infinite, --transparency: 0.3-0.7"
32,Neo-Brutalism,General,"Modern brutalism, colorful brutalist, asymmetric layout, bold typography, rough edges, high contrast, playful, rebellious","Off-white #FAF0E6, Black #000000, accent color splashes: Red #FF4500, Blue #1E90FF, Yellow #FFD700","Minimal secondary, black and white dominant, one bright accent per section","Sharp corners (0px), instant transitions (0s), bold borders (3-5px solid), staggered asymmetric grid, color block hover shifts","Creative portfolios, design agencies, art platforms, tech startups, rebellious brands, editorial","Conservative industries, healthcare, elderly-focused, data-heavy dashboards, formal enterprise",[v] Full,[v] Full,>>> Excellent,[!] Ensure 4.5:1,~ Medium,~ Medium,"Tailwind 10/10, CSS Grid 9/10",2020s Modern,Low,"Design a neo-brutalist interface with colorful off-white backgrounds, asymmetric grid layouts, bold thick borders (3-5px), heavy typography, one bright accent color per section, rough but intentional edges.","border: 3-5px solid #000, border-radius: 0px, transition: none or 0s, font-weight: 800-900, display: grid with asymmetric spans, background: off-white #FAF0E6","[ ] Asymmetric grid layout, [ ] Thick borders 3-5px, [ ] One accent color per section, [ ] Bold typography 800+, [ ] No rounded corners, [ ] Off-white base background","--border-thickness: 3-5px, --border-radius: 0px, --accent-color: single vibrant per section, --font-weight: 800-900, --bg-base: #FAF0E6"
33,Art Deco,General,"Luxury, geometric patterns, gold accents, symmetrical, 1920s glamour, ornate, Art Deco, vintage luxury, opulent","Gold #FFD700, Black #1A1A1A, Rich Cream #FFF8DC, Deep Teal #008080, Burgundy #800020","Champagne #F7E7CE, Silver #C0C0C0, Ivory #FFFFF0, Rose Gold #B76E79","Geometric patterns (chevron, sunburst, fan), metallic gradients, gold foil shimmer (conic-gradient), symmetrical animations, elegant fade-in (400-600ms)","Luxury brands, high-end hospitality, premium fashion, fine dining, jewelry, luxury real estate","Modern startups, tech products, casual apps, youth-focused, budget brands, minimalist",[v] Full,[v] Full,[!] Good,[!] Ensure 4.5:1,~ Medium,~ Medium,"Tailwind 8/10, CSS-in-JS 9/10",1920s Art Deco,Medium,"Design a luxury Art Deco interface with gold (#FFD700) accents, symmetrical geometric patterns (chevron, sunburst, fan), rich dark backgrounds, metallic gradients, elegant typography, 1920s glamour aesthetic.","background: conic-gradient(from 45deg, #FFD700, #B76E79, #FFD700), border: double 3px #FFD700, font-family: serif or display, clip-path: polygon for geometric shapes, box-shadow: 0 4px 15px rgba(255,215,0,0.3)","[ ] Gold/metallic accents applied, [ ] Geometric patterns present, [ ] Symmetrical layout, [ ] Serif/display typography, [ ] Rich dark background, [ ] Elegant transitions 400-600ms","--gold: #FFD700, --bg-dark: #1A1A1A, --pattern: chevron/sunburst, --font-family: serif/display, --metallic-gradient: conic-gradient gold, --animation-elegant: 400-600ms"
34,Biophilic Design,General,"Nature-inspired, organic shapes, green colors, natural textures, living elements, plants, earth tones, wellness, sustainable","Forest Green #228B22, Sage #8FBC8F, Earth Brown #8B4513, Sky Blue #87CEEB, Warm Beige #F5DEB3","Moss #8A9A5B, Terracotta #E2725B, Leaf #3CB371, Wood #DEB887, Sand #F4A460","Organic animations (ease-in-out with bounce), natural light transitions, leaf sway, ambient nature patterns, smooth morphing shapes (300-500ms)","Wellness apps, sustainability brands, healthcare, meditation, education, outdoor/lifestyle, eco-friendly","Heavy tech/industrial, gaming, cyberpunk, dark entertainment, financial dashboards",[v] Full,[v] Full,>>> Good,[v] WCAG AA,[v] High,~ Medium,"Tailwind 9/10, CSS-in-JS 8/10",2020s Modern,Medium,"Design a biophilic interface inspired by nature with organic shapes (curved, blob-like), green earth-tone color palette, natural textures (wood, leaf, stone), smooth organic easing animations, plant motifs.","border-radius: organic blob clip-path, background: natural gradients, animation: plant-sway 3s ease-in-out infinite, color: earth tones, box-shadow: soft natural shadows","[ ] Organic shapes/curves applied, [ ] Earth-tone color palette, [ ] Natural textures visible, [ ] Organic animations 300-500ms, [ ] Plant motifs integrated","--organic-radius: blob clip-path, --color-forest: #228B22, --color-earth: #8B4513, --color-sage: #8FBC8F, --animation-organic: 3s ease-in-out"
35,Skeuomorphism 2.0,General,"Modern skeuomorphism, subtle realism, accessible depth, soft shadows, tactile, realistic but clean, contemporary, improved UX","Soft neutral: Warm White #FFF8F0, Light Grey #F0F0F0, subtle material colors, pastel accents","Accessible contrast accents: Blue #2563EB, Green #16A34A, subtle material reflections","Realistic soft shadows (multi-layer, softer), subtle grain textures, light reflection (linear-gradient highlights), smooth material transitions (200-300ms), press effects","Productivity apps, note-taking apps, creative tools, music production, premium utilities, iOS/macOS apps","Low-performance devices, web-only, simple CRUD apps, text-heavy publications",[v] Full,[v] Full,>>> Good,[v] WCAG AA,[v] High,[v] High,"Tailwind 9/10, CSS-in-JS 9/10",2020s Modern,Medium,"Design a modern skeuomorphic interface with subtle realistic textures, soft multi-layer shadows, light reflection highlights, tactile press effects, material-like depth, improved accessibility over classic skeuomorphism.","box-shadow: inset 0 1px 0 rgba(255,255,255,0.6), 0 4px 6px rgba(0,0,0,0.1), border-radius: 8-12px, background: linear-gradient(180deg, base, base-dark), transition: 200-300ms","[ ] Soft multi-layer shadows, [ ] Light reflection highlights, [ ] Subtle grain/texture, [ ] Press effects (active state), [ ] Accessible 4.5:1 contrast, [ ] Smooth material transitions","--shadow-soft-inset: inset 0 1px 0 rgba(255,255,255,0.6), --shadow-drop: 0 4px 6px rgba(0,0,0,0.1), --texture-grain: subtle noise, --material-transition: 250ms"
36,Grunge,General,"Distressed textures, rough edges, vintage paper, urban aesthetic, gritty, worn, dirty, chaos, alternative, street","Muted Olive #556B2F, Rust #B7410E, Dirty White #F5F0E0, Charcoal #36454F, Faded Black #1A1A1A","Aged Yellow #E8D5A3, Faded Red #8B3A3A, Industrial Grey #808080, Vintage Brown #6B4226","Noise/grain overlay (CSS/SVG), distressed edges (clip-path chaos), rough paper textures, grunge brush strokes, vintage halftone patterns","Music bands, streetwear brands, skate culture, alternative art, underground events, gaming, tattoo culture","Corporate enterprise, healthcare, luxury brands, government, conservative industries, professional services",[v] Partial,[v] Full,>>> Good,[!] Contrast issues possible,~ Medium,~ Low,"Tailwind 7/10, Custom CSS 9/10",1990s-2000s,Medium,"Design a grunge aesthetic interface with distressed textures, noise/grain overlays, rough uneven edges using chaotic clip-paths, vintage paper backgrounds, urban gritty feel, halftone patterns.","filter: contrast(0.9) saturate(0.8), background-image: noise SVG/URL, clip-path: polygon with irregular points, font-family: system-ui or rough type, mix-blend-mode: multiply for textures","[ ] Noise/grain overlay applied, [ ] Distressed edges using clip-path, [ ] Vintage paper/aged textures, [ ] Muted grunge color palette, [ ] Rough typography feel, [ ] Halftone patterns where appropriate","--grain-overlay: noise texture, --clip-distressed: irregular polygon, --color-rust: #B7410E, --color-olive: #556B2F, --blend-mode: multiply, --contrast-reduce: 0.9"
37,Minimal Japan,General,"Japanese minimalism, zen aesthetic, wabi-sabi, natural materials, negative space, calligraphy, tatami, bamboo, tranquility","Washi White #F5F0E8, Ink Black #1C1C1C, Vermillion #E53E30, Indigo #264653, Bamboo #7C9A5D","Shoji Cream #F5E6C8, Stone Grey #A0A0A0, Moss #5F7B4A, Gold leaf #C9A84C","Subtle paper texture overlay, gentle fade transitions (300-400ms ease), organic scroll, zen parallax (slow, minimal 1-2 layers), ink wash gradients","Meditation apps, tea brands, zen gardens, hospitality, wellness, minimalist portfolios, cultural sites","Fast-paced entertainment, gaming, loud/colorful brands, children's apps, social media",[v] Full,[v] Full,>>> Excellent,[v] WCAG AA,[v] High,~ Medium,"Tailwind 8/10, Custom CSS 9/10",Ancient Japanese,Low,"Design a Japanese-inspired minimalist interface with zen aesthetic, wabi-sabi principles (imperfect beauty), natural colors (indigo, vermillion, bamboo), generous negative space, subtle paper textures, calligraphic elements.","background: #F5F0E8 (washi white), color: #1C1C1C (ink black), accent: #E53E30 (vermillion), font-family: serif or Japanese typeface, box-shadow: none, transition: 300-400ms ease","[ ] Generous negative space (ma), [ ] Natural material colors, [ ] Subtle paper texture, [ ] Wabi-sabi minor imperfections, [ ] Calligraphic accent elements, [ ] Gentle slow transitions","--washi-white: #F5F0E8, --ink-black: #1C1C1C, --vermillion: #E53E30, --indigo: #264653, --ma-spacing: generous, --animation-gentle: 350ms ease"
38,Holographic,General,"Iridescent, rainbow shifts, prismatic colors, futuristic, oil slick effect, chromatic, spectral, light refraction, sci-fi","Base translucent white, iridescent spectrum: Pink-Magenta #FF00FF, Cyan #00FFFF, Yellow #FFFF00, shifting hues","Chromatic aberration red/cyan, spectral highlights, rainbow sheen, holographic foil effect","Conic-gradient rainbow animation (hue-rotate 4-6s), iridescent shimmer (background-position shift), chromatic aberration text, prismatic reflections (radial-gradient), tilt-responsive effects","Premium tech, futuristic brands, music/entertainment, creative agencies, product launches, event pages","Corporate, data-heavy, accessibility-critical, traditional conservative, government, financial",[v] Full,[v] Full,[X] Poor,[!] Severe contrast issues,~ Medium,[v] High,"Framer Motion 9/10, GSAP 9/10, Three.js 8/10",2020s Modern,High,"Design a holographic interface with iridescent rainbow effects, conic-gradient color shifts, chromatic aberration text, prismatic light reflections, oil-slick color spectrum, tilted responsive shine.","background: conic-gradient(from 0deg, #FF00FF, #00FFFF, #FFFF00, #FF00FF), animation: holographic-shift 5s linear infinite, filter: hue-rotate(0deg), mix-blend-mode: screen/overlay, text-shadow: chromatic aberration offsets","[ ] Conic-gradient rainbow active, [ ] Hue-rotate animation 4-6s, [ ] Chromatic aberration text effect, [ ] Prismatic highlights, [ ] Tilt-responsive shine, [ ] Performance optimized (GPU)","--holographic-spectrum: conic-gradient(full rainbow), --animation-shift: 5s linear infinite, --chromatic-offset: 1px red/-1px cyan, --blend: screen, --gpu-accelerated: true"
39,Memphis Design,General,"80s Memphis Group, squiggles, bold geometric patterns, primary colors, playful, postmodern, Memphis design, Ettore Sottsass","Primary: Red #FF0000, Blue #0000FF, Yellow #FFFF00, Black #000000, White #FFFFFF","Bright Pink #FF69B4, Aqua #00FFFF, Lime #32CD32, geometric pattern colors","Bouncy animations (cubic-bezier bounce), squiggle SVG paths, geometric shape morphing (300-400ms), pattern rotations (12-16s), random dot/line animations","Creative studios, art galleries, playful brands, children's products, interior design, fashion, retro-themed projects","Corporate enterprise, serious healthcare, conservative finance, government, legal, data analytics",[v] Full,[v] Full,>>> Good,[v] WCAG AA,[v] High,~ Low,"Tailwind 9/10, SVG 10/10",1980s Memphis,Medium,"Design a Memphis-inspired interface with bold geometric patterns (squiggles, triangles, circles, zigzags), primary color palette (red, blue, yellow, black, white), playful bouncy animations, postmodern aesthetic inspired by Ettore Sottsass and Memphis Group.","background: repeating patterns (geometric), SVG squiggles/zigzags, animation: bounce-bounce 2s cubic-bezier(0.68, -0.55, 0.27, 1.55), border: multiple colored borders, color: primary palette","[ ] Bold geometric patterns, [ ] Primary color palette, [ ] Squiggle/zigzag elements, [ ] Bouncy animations, [ ] Playful overall feel, [ ] Pattern rotations 12-16s","--pattern-squiggle: SVG path, --colors-primary: red #FF0000, blue #0000FF, yellow #FFFF00, --bounce-curve: cubic-bezier(0.68, -0.55, 0.27, 1.55), --pattern-rotation: 14s"
40,Space Theme,General,"Cosmic backgrounds, stars, deep space, nebula, galaxy, astronomical, celestial, dark universe, sci-fi","Deep Space Black #0B0D17, Midnight Blue #0A1628, Nebula Purple #2D1B69, Star White #FFFFFF, Galaxy Pink #FF69B4","Stellar Blue #4169E1, Cosmic Gold #FFD700, Aurora Green #00FF7F, Mars Red #DC143C","Parallax starfield (multiple CSS layers), twinkling stars animation (keyframes scale/opacity), nebula gradients, meteor trails (linear-gradient + animation), cosmic dust particles","Space/astronomy apps, sci-fi games, futuristic tech, educational science platforms, virtual observatories, sci-fi media","Professional corporate, healthcare, conservative apps, daily productivity tools, banking",[v] Full,[v] Full,[!] Poor,[!] Contrast challenges,~ Medium,~ Low,"Three.js 9/10, CSS 9/10",Modern (NASA),Medium,"Design a cosmic/space-themed interface with deep space background (#0B0D17), parallax starfield layers, twinkling stars, nebula gradient effects, astronomical elements (planets, galaxies), celestial atmosphere.","background: radial-gradient(ellipse at center, #0A1628 0%, #0B0D17 100%), box-shadow: multiple for stars, animation: twinkle 3s ease infinite alternate, position: relative for parallax layers","[ ] Parallax starfield 3+ layers, [ ] Twinkling stars animation, [ ] Nebula gradients applied, [ ] Deep space palette, [ ] Astronomical motifs present, [ ] Performance optimized (GPU composite)","--space-black: #0B0D17, --midnight-blue: #0A1628, --nebula-purple: #2D1B69, --star-white: #FFFFFF, --parallax-layers: 3+, --star-count: CSS box-shadow stars"
41,Underwater / Aquatic,General,"Ocean themes, coral colors, wave effects, deep blue palette, marine life, water texture, aquatic, sea, ocean depths","Deep Ocean #003366, Coral #FF7F50, Seafoam #98FF98, Sandy Beige #F4D03F, Wave #006994","Aquamarine #7FFFD4, Kelp Green #2E8B57, Shell Pink #FFD1DC, Coral Reef #FF6347, Tide #1E90FF","Wavy SVG animations (undulating paths), bubble particles (CSS keyframes scale/float), caustic light patterns (conic-gradient), organic wave transitions (sine-based cubic-bezier), drifting animations (slow 8-12s)","Oceanography, travel/hospitality, wellness/spa, aquarium sites, environmental orgs, beach products","Industrial, heavy tech, gaming, urban brands, financial services, corporate enterprise",[v] Full,[v] Full,[!] Moderate,[!] Contrast check needed,[v] High,~ Medium,"Tailwind 8/10, SVG 10/10, GSAP 9/10",Modern,Medium,"Design an underwater/aquatic theme with ocean-inspired color palette (deep blues, teals, coral), undulating wave SVG animations, floating bubble particles, caustic light patterns, marine motifs and textures.","animation: wave-undulate 6s ease-in-out infinite, border-radius: fluid organic shapes, background: gradient from deep to light blue, SVG wave paths, bubble animation: translateY + scale, filter: saturate(1.2)","[ ] Wave SVG animations smooth, [ ] Bubble particles floating, [ ] Ocean color palette, [ ] Caustic light effects, [ ] Marine motifs present, [ ] Fluid organic shapes","--ocean-deep: #003366, --ocean-mid: #006994, --coral: #FF7F50, --seafoam: #98FF98, --wave-duration: 6s, --bubble-duration: 4-8s, --caustic-pattern: conic-gradient light"
42,Steampunk,General,"Victorian industrial, brass/copper colors, gear motifs, vintage tech, steam power, clockwork, mechanical, retro-futuristic","Brass #B5A642, Copper #B87333, Rust #8B4513, Dark Leather #5C3317, Iron Grey #434B4D","Teal #008080, Bronze #CD7F32, Deep Red #8B0000, Oil Black #1A1A1A, Gold #FFD700","Gear rotation animations (transform rotate infinite 10-20s), mechanical tick/tock (step-end), steam/puff effects (scale + opacity), brass metallic gradients, clockwork transitions (8-12 steps)","Steampunk conventions, indie games, themed experiences, Victorian-themed sites, artisan portfolios, maker culture","Modern tech companies, corporate enterprise, healthcare, educational platforms, fast-paced apps",[v] Partial,[v] Full,~ Medium,[!] Color contrast issues,~ Medium,~ Low,"CSS 8/10, SVG 9/10",Victorian Era,High,"Design a steampunk interface with Victorian industrial aesthetic, brass/copper/rust color palette, gear and clockwork SVG motifs, mechanical animations (gear rotation, tick-tock), metallic gradients, vintage typography.","animation: gear-spin 15s linear infinite, transform: rotate, background: linear-gradient brass metallic, font-family: serif or display, border: double 4px #B5A642, filter: sepia(0.3)","[ ] Gear rotation animations, [ ] Metallic brass/copper gradients, [ ] Mechanical tick-tock feel, [ ] Victorian decorative motifs, [ ] Vintage serif typography, [ ] Sepia/warm overlay","--brass: #B5A642, --copper: #B87333, --rust: #8B4513, --gear-rotation: 15s linear infinite, --metallic-gradient: brass linear-gradient, --font-vintage: serif/display"
43,Gothic,General,"Dark romantic, ornate details, dark purple/black palette, Victorian gothic, cathedral, dark academia, eerie elegant","Deep Black #0D0D0D, Blood Red #8B0000, Royal Purple #4A0E4E, Silver #C0C0C0, Midnight #191970","Crimson #DC143C, Violet #8B00FF, Aged Parchment #F5DEB3, Iron #4A4A4A, Bone #E8DCC8","Ornate border animations (SVG filigree), candle flicker (box-shadow + opacity), fog/mist overlay (opacity pulse 8-12s), Gothic arch shapes (clip-path), dramatic fade-in (500-800ms)","Gothic fashion brands, dark academia, horror/occult content, literary sites, heavy metal music, Halloween-themed","Bright playful brands, healthcare, children's products, corporate enterprise, modern minimalist",[v] Full,[v] Full,[!] Moderate,[!] Contrast issues,[v] Low,~ Low,"Tailwind 6/10, Custom CSS 9/10",Victorian Era,High,"Design a gothic interface with dark romantic Victorian aesthetic, deep black and purple palette, ornate decorative borders and filigree, Gothic arch clip-paths, candle flicker and fog effects, dramatic slow transitions.","background: #0D0D0D, color: #C0C0C0, border-image: ornate SVG frame, clip-path: polygon for Gothic arch, animation: candle-flicker 3s ease infinite alternate, filter: drop-shadow dramatic","[ ] Dark purple/black palette, [ ] Ornate borders/filigree, [ ] Gothic arch shapes, [ ] Fog/mist overlay effect, [ ] Dramatic transitions 500-800ms, [ ] Decorative typography","--black-velvet: #0D0D0D, --blood-red: #8B0000, --royal-purple: #4A0E4E, --silver: #C0C0C0, --ornate-border: SVG filigree, --animation-dramatic: 600ms, --fog-duration: 10s"
44,Pastel Dream,General,"Soft pastels, gentle gradients, dreamy aesthetic, soft focus, ethereal, cotton candy, marshmallow, gentle, whimsical","Pastel Pink #FFB6C1, Pastel Blue #ADD8E6, Pastel Yellow #FFFACD, Pastel Purple #E6E6FA, Pastel Mint #B2F2BB","Soft Peach #FFDAB9, Lavender #E6D5F0, Baby Blue #B0E0E6, Light Coral #F0A0A0, Cream #FFFDD0","Soft focus blur (backdrop-filter blur 5-10px), gentle floating animations (translateY 3-4s ease-in-out infinite), subtle sparkle (opacity pulse), smooth gradient transitions (4-6s), dreamy chromatic effect","Beauty/fashion, lifestyle blogs, wellness, children's products, weddings, stationery, soft brands","Heavy industrial, tech/coding, financial, sports, data analytics, automotive, corporate",[v] Full,[v] Full,>>> Good,[!] Ensure 4.5:1,[v] High,~ Medium,"Tailwind 9/10, CSS-in-JS 8/10",2020s Modern,Low,"Design a dreamy pastel interface with soft pastel color palette (pink, blue, yellow, purple, mint), gentle floating animations (3-4s), soft focus blur effects, subtle sparkles, smooth gradient transitions, whimsical aesthetic.","background: linear-gradient(135deg, #FFB6C1, #ADD8E6, #E6E6FA), animation: float 3.5s ease-in-out infinite, backdrop-filter: blur(6px), border-radius: 20-30px, box-shadow: soft large shadow","[ ] Pastel color palette (4-6 colors), [ ] Floating/gentle animations, [ ] Soft focus blur applied, [ ] Smooth gradient transitions, [ ] Dreamy sparkle effects, [ ] Rounded corners 20-30px","--pastel-pink: #FFB6C1, --pastel-blue: #ADD8E6, --pastel-mint: #B2F2BB, --float-animation: 3.5s ease-in-out infinite, --blur-soft: 6px, --border-radius-dreamy: 24px"
45,Prehistoric / Dinosaur,General,"Earth tones, fossil textures, amber colors, rugged, dinosaur, Jurassic, primitive, cave art, natural history","Amber #FFBF00, Earth Brown #8B4513, Forest Green #228B22, Stone Grey #808080, Bone White #F5F5DC","Lava Red #FF4500, Volcano Black #1A1A1A, Moss #4A7C4A, Fossil #D2B48C, Mud #6B4E31","Fossil texture overlays (noise with sepia), amber glow (text-shadow + gradient), stomp animations (shake + scale), pterodactyl wing flap (SVG morph), cave painting reveal (clip-path wipe 2-3s)","Children's educational apps, museum exhibits, dinosaur games, natural history content, outdoor adventure brands","Modern tech companies, corporate finance, formal business, healthcare, luxury fashion",[v] Partial,[v] Full,~ Medium,[v] WCAG AA,[v] High,~ Low,"Tailwind 8/10, CSS 8/10, Three.js 7/10",Modern (Natural History),Medium,"Design a prehistoric/Dinosaur-themed interface with earth-tone palette (amber, brown, forest green, stone), fossil and rock texture overlays, rugged aesthetic, dinosaur silhouette motifs, amber glow effects, cave art-inspired elements.","background: #8B4513 with noise texture, color: #FFBF00 (amber), text-shadow: 0 0 10px #FFBF00, filter: sepia(0.2) contrast(1.1), clip-path: rugged shapes, border: stone-like 3px solid","[ ] Earth-tone color palette, [ ] Fossil/rock textures, [ ] Rugged uneven borders, [ ] Amber glow effects, [ ] Dinosaur motifs present, [ ] Natural history feel","--amber: #FFBF00, --earth-brown: #8B4513, --forest-green: #228B22, --stone-grey: #808080, --fossil-texture: noise overlay, --amber-glow: 0 0 10px #FFBF00"
46,Candy / Bubblegum,General,"Bright sweet colors, glossy finishes, bubble shapes, fun aesthetic, candy, sugary, playful, bubblegum, vibrant sweet","Bubblegum Pink #FF69B4, Candy Apple Red #FF0800, Lemon Yellow #FFF000, Mint Green #98FF98, Grape Purple #9370DB","Cotton Candy #FFC0CB, Blue Raspberry #00BFFF, Sour Green #7FFF00, Orange Sherbet #FFA500, Vanilla #FFF3E0","Glossy highlights (linear-gradient shine), bubble float animation (translateY + scale 3-4s), wobble effect (transform rotate slight 2-3s), candy stripe patterns, bounce entrance (cubic-bezier bounce)","Confectionery brands, children's products, candy shops, party planning, games for kids, toy stores, fun social apps","Corporate enterprise, financial services, healthcare, formal business, legal, government, mature audiences",[v] Full,[v] Full,>>> Good,[!] Ensure 4.5:1,[v] High,~ Medium,"Tailwind 9/10, CSS-in-JS 8/10",2020s Modern,Low,"Design a fun candy/bubblegum themed interface with bright sweet colors (bubblegum pink, candy red, lemon yellow, mint, grape), glossy bubble highlights, floating bubble animations (3-4s), candy stripe patterns, bouncy playful entrances.","border-radius: 50% for bubble elements, background: linear-gradient(135deg, #FF69B4, #FFC0CB), box-shadow: inset 0 -5px 0 rgba(0,0,0,0.1), 0 8px 20px rgba(255,105,180,0.3), animation: float 3.5s ease-in-out infinite","[ ] Bright candy colors (4-6), [ ] Glossy highlight effects, [ ] Bubble floating animation, [ ] Bouncy entrance animations, [ ] Candy stripe/stripe patterns, [ ] Rounded/bubble shapes","--bubblegum-pink: #FF69B4, --candy-red: #FF0800, --candy-lemon: #FFF000, --float-duration: 3.5s, --glossy-shine: linear-gradient highlight, --bounce-curve: cubic-bezier(0.68, -0.55, 0.27, 1.55)"
