No,Font Pairing Name,Category,Heading Font,Body Font,Mood/Style Keywords,Best For,Google Fonts URL,CSS Import,Tailwind Config,Notes
1,Inter + Inter,Sans-Sans,Inter,Inter,"Clean, modern, professional, neutral, versatile","SaaS, dashboards, enterprise, web apps, documentation",https://fonts.google.com/share?selection.family=Inter:wght@400;500;600;700,@import url('https://fonts.googleapis.com/css2?family=Inter:wght@400;500;600;700&display=swap');,"fontFamily: { sans: ['Inter', 'sans-serif'] }",Most versatile pairing. Excellent for data-heavy interfaces.
2,Poppins + Inter,Sans-Sans,Poppins,Inter,"Friendly, modern, geometric, approachable, clean","SaaS, startups, landing pages, marketing, B2B",https://fonts.google.com/share?selection.family=Poppins:wght@400;500;600;700|Inter:wght@400;500;600;700,@import url('https://fonts.googleapis.com/css2?family=Poppins:wght@400;500;600;700&family=Inter:wght@400;500;600;700&display=swap');,"fontFamily: { heading: ['Poppins', 'sans-serif'], sans: ['Inter', 'sans-serif'] }","Poppins headings + Inter body. Geometric headings, clean body text."
3,DM Sans + DM Sans,Sans-Sans,DM Sans,DM Sans,"Clean, geometric, modern, minimal, professional","SaaS, dashboards, web apps, mobile apps",https://fonts.google.com/share?selection.family=DM+Sans:wght@400;500;600;700,@import url('https://fonts.googleapis.com/css2?family=DM+Sans:wght@400;500;600;700&display=swap');,"fontFamily: { sans: ['DM Sans', 'sans-serif'] }",Excellent geometric sans-serif. Very clean and modern.
4,Outfit + Outfit,Sans-Sans,Outfit,Outfit,"Modern, clean, geometric, versatile","SaaS, startups, landing pages, mobile apps",https://fonts.google.com/share?selection.family=Outfit:wght@400;500;600;700,@import url('https://fonts.googleapis.com/css2?family=Outfit:wght@400;500;600;700&display=swap');,"fontFamily: { sans: ['Outfit', 'sans-serif'] }",Modern geometric sans-serif. Great for both headings and body.
5,Space Grotesk + Inter,Sans-Sans,Space Grotesk,Inter,"Tech, modern, geometric, futuristic, clean","Developer tools, tech products, SaaS, AI platforms",https://fonts.google.com/share?selection.family=Space+Grotesk:wght@400;500;600;700|Inter:wght@400;500;600;700,@import url('https://fonts.googleapis.com/css2?family=Space+Grotesk:wght@400;500;600;700&family=Inter:wght@400;500;600;700&display=swap');,"fontFamily: { heading: ['Space Grotesk', 'sans-serif'], sans: ['Inter', 'sans-serif'] }",Space Grotesk headings for tech feel. Inter body for readability.
6,Sora + Inter,Sans-Sans,Sora,Inter,"Modern, futuristic, geometric, clean","AI platforms, tech products, SaaS, futuristic brands",https://fonts.google.com/share?selection.family=Sora:wght@400;500;600;700|Inter:wght@400;500;600;700,@import url('https://fonts.googleapis.com/css2?family=Sora:wght@400;500;600;700&family=Inter:wght@400;500;600;700&display=swap');,"fontFamily: { heading: ['Sora', 'sans-serif'], sans: ['Inter', 'sans-serif'] }",Sora for futuristic headings. Great for AI/tech products.
7,Manrope + Manrope,Sans-Sans,Manrope,Manrope,"Geometric, clean, modern, professional","SaaS, dashboards, enterprise, mobile apps",https://fonts.google.com/share?selection.family=Manrope:wght@400;500;600;700,@import url('https://fonts.googleapis.com/css2?family=Manrope:wght@400;500;600;700&display=swap');,"fontFamily: { sans: ['Manrope', 'sans-serif'] }",Excellent geometric sans-serif. Very clean and professional.
8,Plus Jakarta Sans + Plus Jakarta Sans,Sans-Sans,Plus Jakarta Sans,Plus Jakarta Sans,"Modern, geometric, clean, professional","SaaS, dashboards, landing pages, web apps",https://fonts.google.com/share?selection.family=Plus+Jakarta+Sans:wght@400;500;600;700,@import url('https://fonts.googleapis.com/css2?family=Plus+Jakarta+Sans:wght@400;500;600;700&display=swap');,"fontFamily: { sans: ['Plus Jakarta Sans', 'sans-serif'] }",Modern geometric. Great for SaaS and dashboards.
9,Cormorant Garamond + Montserrat,Serif-Sans,Cormorant Garamond,Montserrat,"Elegant, calming, sophisticated, luxury","Wellness, beauty, luxury, editorial, premium services",https://fonts.google.com/share?selection.family=Cormorant+Garamond:wght@400;500;600;700|Montserrat:wght@400;500;600;700,@import url('https://fonts.googleapis.com/css2?family=Cormorant+Garamond:wght@400;500;600;700&family=Montserrat:wght@400;500;600;700&display=swap');,"fontFamily: { heading: ['Cormorant Garamond', 'serif'], sans: ['Montserrat', 'sans-serif'] }",Elegant serif headings + clean sans body. Perfect for luxury brands.
10,Playfair Display + Lato,Serif-Sans,Playfair Display,Lato,"Elegant, classic, sophisticated, editorial","Editorial, luxury brands, fashion, premium services",https://fonts.google.com/share?selection.family=Playfair+Display:wght@400;500;600;700|Lato:wght@400;300;700,@import url('https://fonts.googleapis.com/css2?family=Playfair+Display:wght@400;500;600;700&family=Lato:wght@400;300;700&display=swap');,"fontFamily: { heading: ['Playfair Display', 'serif'], sans: ['Lato', 'sans-serif'] }",Classic serif headings + clean sans body. Elegant and timeless.
11,Merriweather + Open Sans,Serif-Sans,Merriweather,Open Sans,"Readable, trustworthy, classic, professional","News sites, blogs, documentation, legal, healthcare",https://fonts.google.com/share?selection.family=Merriweather:wght@400;700|Open+Sans:wght@400;500;600;700,@import url('https://fonts.googleapis.com/css2?family=Merriweather:wght@400;700&family=Open+Sans:wght@400;500;600;700&display=swap');,"fontFamily: { heading: ['Merriweather', 'serif'], sans: ['Open Sans', 'sans-serif'] }",Highly readable serif + sans. Perfect for content-heavy sites.
12,Space Mono + Inter,Mono-Sans,Space Mono,Inter,"Tech, code, developer, monospace, futuristic","Developer tools, code editors, tech blogs, APIs",https://fonts.google.com/share?selection.family=Space+Mono:wght@400;700|Inter:wght@400;500;600;700,@import url('https://fonts.googleapis.com/css2?family=Space+Mono:wght@400;700&family=Inter:wght@400;500;600;700&display=swap');,"fontFamily: { mono: ['Space Mono', 'monospace'], sans: ['Inter', 'sans-serif'] }",Monospace headings for tech feel. Great for developer tools.
13,JetBrains Mono + Inter,Mono-Sans,JetBrains Mono,Inter,"Code, technical, developer, monospace","Code editors, developer tools, technical documentation",https://fonts.google.com/share?selection.family=JetBrains+Mono:wght@400;500;600;700|Inter:wght@400;500;600;700,@import url('https://fonts.googleapis.com/css2?family=JetBrains+Mono:wght@400;500;600;700&family=Inter:wght@400;500;600;700&display=swap');,"fontFamily: { mono: ['JetBrains Mono', 'monospace'], sans: ['Inter', 'sans-serif'] }",Premium monospace for code. Excellent for developer tools.
14,Caveat + Inter,Cursive-Sans,Caveat,Inter,"Handwritten, playful, creative, personal","Portfolios, personal sites, creative projects, artistic",https://fonts.google.com/share?selection.family=Caveat:wght@400;500;600;700|Inter:wght@400;500;600;700,@import url('https://fonts.googleapis.com/css2?family=Caveat:wght@400;500;600;700&family=Inter:wght@400;500;600;700&display=swap');,"fontFamily: { heading: ['Caveat', 'cursive'], sans: ['Inter', 'sans-serif'] }",Handwritten headings for creative personality. Use sparingly.
15,Fredoka + Nunito,Sans-Sans,Fredoka,Nunito,"Playful, friendly, rounded, fun","Children's apps, education, gaming, casual, entertainment",https://fonts.google.com/share?selection.family=Fredoka:wght@400;500;600;700|Nunito:wght@400;500;600;700,@import url('https://fonts.googleapis.com/css2?family=Fredoka:wght@400;500;600;700&family=Nunito:wght@400;500;600;700&display=swap');,"fontFamily: { heading: ['Fredoka', 'sans-serif'], sans: ['Nunito', 'sans-serif'] }",Rounded playful fonts. Perfect for children's and casual apps.
16,Rubik + Rubik,Sans-Sans,Rubik,Rubik,"Geometric, clean, modern, friendly","SaaS, mobile apps, dashboards, web apps",https://fonts.google.com/share?selection.family=Rubik:wght@400;500;600;700,@import url('https://fonts.googleapis.com/css2?family=Rubik:wght@400;500;600;700&display=swap');,"fontFamily: { sans: ['Rubik', 'sans-serif'] }",Geometric rounded sans-serif. Great for mobile and web.
17,Work Sans + Work Sans,Sans-Sans,Work Sans,Work Sans,"Clean, professional, versatile, readable","Enterprise, SaaS, dashboards, web apps, documentation",https://fonts.google.com/share?selection.family=Work+Sans:wght@400;500;600;700,@import url('https://fonts.googleapis.com/css2?family=Work+Sans:wght@400;500;600;700&display=swap');,"fontFamily: { sans: ['Work Sans', 'sans-serif'] }",Excellent workhorse font. Very readable and professional.
18,Bricolage Grotesque + Inter,Sans-Sans,Bricolage Grotesque,Inter,"Modern, bold, geometric, expressive","SaaS, startups, creative brands, landing pages",https://fonts.google.com/share?selection.family=Bricolage+Grotesque:wght@400;500;600;700|Inter:wght@400;500;600;700,@import url('https://fonts.googleapis.com/css2?family=Bricolage+Grotesque:wght@400;500;600;700&family=Inter:wght@400;500;600;700&display=swap');,"fontFamily: { heading: ['Bricolage Grotesque', 'sans-serif'], sans: ['Inter', 'sans-serif'] }",Bold expressive headings. Great for modern startups.
19,Albert Sans + Albert Sans,Sans-Sans,Albert Sans,Albert Sans,"Clean, geometric, modern, friendly","SaaS, mobile apps, landing pages, web apps",https://fonts.google.com/share?selection.family=Albert+Sans:wght@400;500;600;700,@import url('https://fonts.googleapis.com/css2?family=Albert+Sans:wght@400;500;600;700&display=swap');,"fontFamily: { sans: ['Albert Sans', 'sans-serif'] }",Clean geometric sans-serif. Very modern and friendly.
20,Clash Display + Satoshi,Sans-Sans,Clash Display,Satoshi,"Bold, modern, geometric, premium","Premium brands, luxury, creative agencies, portfolios",Not on Google Fonts (use Fontshare),@import url('https://api.fontshare.com/v2/css?f[]=clash-display@400;500;600;700&f[]=satoshi@400;500;600;700&display=swap');,"fontFamily: { heading: ['Clash Display', 'sans-serif'], sans: ['Satoshi', 'sans-serif'] }",PREMIUM: Bold geometric headings + clean body. Maximum impact.
21,General Sans + General Sans,Sans-Sans,General Sans,General Sans,"Clean, versatile, modern, professional","SaaS, dashboards, web apps, mobile apps",Not on Google Fonts (use Fontshare),@import url('https://api.fontshare.com/v2/css?f[]=general-sans@400;500;600;700&display=swap');,"fontFamily: { sans: ['General Sans', 'sans-serif'] }",Clean and versatile from Fontshare. Great for modern apps.
22,Archivo + Archivo,Sans-Sans,Archivo,Archivo,"Geometric, clean, technical, modern","Tech products, dashboards, enterprise, documentation",https://fonts.google.com/share?selection.family=Archivo:wght@400;500;600;700,@import url('https://fonts.googleapis.com/css2?family=Archivo:wght@400;500;600;700&display=swap');,"fontFamily: { sans: ['Archivo', 'sans-serif'] }",Geometric and technical. Great for data-heavy interfaces.
23,Barlow + Barlow,Sans-Sans,Barlow,Barlow,"Clean, condensed, modern, professional","Dashboards, data tables, enterprise, admin panels",https://fonts.google.com/share?selection.family=Barlow:wght@400;500;600;700,@import url('https://fonts.googleapis.com/css2?family=Barlow:wght@400;500;600;700&display=swap');,"fontFamily: { sans: ['Barlow', 'sans-serif'] }",Condensed option available. Great for data-dense interfaces.
24,Cabin + Cabin,Sans-Sans,Cabin,Cabin,"Humanist, warm, friendly, readable","Blogs, educational sites, healthcare, non-profit",https://fonts.google.com/share?selection.family=Cabin:wght@400;500;600;700,@import url('https://fonts.googleapis.com/css2?family=Cabin:wght@400;500;600;700&display=swap');,"fontFamily: { sans: ['Cabin', 'sans-serif'] }",Humanist sans-serif. Warm and friendly feel.
25,Quicksand + Quicksand,Sans-Sans,Quicksand,Quicksand,"Rounded, playful, friendly, modern","Education, children's apps, casual, wellness",https://fonts.google.com/share?selection.family=Quicksand:wght@400;500;600;700,@import url('https://fonts.googleapis.com/css2?family=Quicksand:wght@400;500;600;700&display=swap');,"fontFamily: { sans: ['Quicksand', 'sans-serif'] }",Rounded geometric. Playful yet modern.
26,Raleway + Raleway,Sans-Sans,Raleway,Raleway,"Elegant, thin, modern, sophisticated","Fashion, luxury, editorial, creative agencies",https://fonts.google.com/share?selection.family=Raleway:wght@400;500;600;700,@import url('https://fonts.googleapis.com/css2?family=Raleway:wght@400;500;600;700&display=swap');,"fontFamily: { sans: ['Raleway', 'sans-serif'] }",Elegant thin weights. Great for luxury and fashion.
27,Nunito Sans + Nunito Sans,Sans-Sans,Nunito Sans,Nunito Sans,"Rounded, friendly, clean, modern","Education, healthcare, SaaS, mobile apps",https://fonts.google.com/share?selection.family=Nunito+Sans:wght@400;500;600;700,@import url('https://fonts.googleapis.com/css2?family=Nunito+Sans:wght@400;500;600;700&display=swap');,"fontFamily: { sans: ['Nunito Sans', 'sans-serif'] }",Rounded and friendly. Excellent readability.
28,Mulish + Mulish,Sans-Sans,Mulish,Mulish,"Clean, minimal, modern, professional","SaaS, dashboards, web apps, mobile apps",https://fonts.google.com/share?selection.family=Mulish:wght@400;500;600;700,@import url('https://fonts.googleapis.com/css2?family=Mulish:wght@400;500;600;700&display=swap');,"fontFamily: { sans: ['Mulish', 'sans-serif'] }",Clean and minimal. Great for professional interfaces.
29,Red Hat Display + Red Hat Text,Sans-Sans,Red Hat Display,Red Hat Text,"Modern, geometric, technical, bold","Tech products, developer tools, SaaS, enterprise",https://fonts.google.com/share?selection.family=Red+Hat+Display:wght@400;500;600;700|Red+Hat+Text:wght@400;500;600;700,@import url('https://fonts.googleapis.com/css2?family=Red+Hat+Display:wght@400;500;600;700&family=Red+Hat+Text:wght@400;500;600;700&display=swap');,"fontFamily: { heading: ['Red Hat Display', 'sans-serif'], sans: ['Red Hat Text', 'sans-serif'] }",Technical and modern. Great for tech brands.
30,Bitter + Source Sans 3,Serif-Sans,Bitter,Source Sans 3,"Readable, professional, classic, warm","News, blogs, documentation, legal, healthcare",https://fonts.google.com/share?selection.family=Bitter:wght@400;500;600;700|Source+Sans+3:wght@400;500;600;700,@import url('https://fonts.googleapis.com/css2?family=Bitter:wght@400;500;600;700&family=Source+Sans+3:wght@400;500;600;700&display=swap');,"fontFamily: { heading: ['Bitter', 'serif'], sans: ['Source Sans 3', 'sans-serif'] }",Slab serif headings + clean sans body. Readable and warm.
31,Lora + Lora,Serif-Serif,Lora,Lora,"Elegant, classic, editorial, sophisticated","Editorial, luxury brands, fashion, premium content",https://fonts.google.com/share?selection.family=Lora:wght@400;500;600;700,@import url('https://fonts.googleapis.com/css2?family=Lora:wght@400;500;600;700&display=swap');,"fontFamily: { serif: ['Lora', 'serif'] }",Elegant serif for both headings and body. Classic and refined.
32,Libre Baskerville + Libre Baskerville,Serif-Serif,Libre Baskerville,Libre Baskerville,"Classic, readable, trustworthy, editorial","News sites, blogs, documentation, academic",https://fonts.google.com/share?selection.family=Libre+Baskerville:wght@400;700,@import url('https://fonts.googleapis.com/css2?family=Libre+Baskerville:wght@400;700&display=swap');,"fontFamily: { serif: ['Libre Baskerville', 'serif'] }",Classic Baskerville for digital. Highly readable.
33,Josefin Sans + Josefin Sans,Sans-Sans,Josefin Sans,Josefin Sans,"Geometric, vintage, elegant, unique","Fashion, creative agencies, portfolios, unique brands",https://fonts.google.com/share?selection.family=Josefin+Sans:wght@400;500;600;700,@import url('https://fonts.googleapis.com/css2?family=Josefin+Sans:wght@400;500;600;700&display=swap');,"fontFamily: { sans: ['Josefin Sans', 'sans-serif'] }",Geometric with vintage feel. Unique and elegant.
34,Bebas Neue + Montserrat,Sans-Sans,Bebas Neue,Montserrat,"Bold, condensed, impactful, modern","Headlines, sports, gaming, action, bold brands",https://fonts.google.com/share?selection.family=Bebas+Neue|Montserrat:wght@400;500;600;700,@import url('https://fonts.googleapis.com/css2?family=Bebas+Neue&family=Montserrat:wght@400;500;600;700&display=swap');,"fontFamily: { heading: ['Bebas Neue', 'sans-serif'], sans: ['Montserrat', 'sans-serif'] }",ULTRA BOLD condensed headings. Maximum impact.
35,Oswald + Open Sans,Sans-Sans,Oswald,Open Sans,"Condensed, modern, professional, bold","News, sports, action, bold headlines",https://fonts.google.com/share?selection.family=Oswald:wght@400;500;600;700|Open+Sans:wght@400;500;600;700,@import url('https://fonts.googleapis.com/css2?family=Oswald:wght@400;500;600;700&family=Open+Sans:wght@400;500;600;700&display=swap');,"fontFamily: { heading: ['Oswald', 'sans-serif'], sans: ['Open Sans', 'sans-serif'] }",Condensed headings for impact. Great for news and sports.
36,Anton + Inter,Sans-Sans,Anton,Inter,"Bold, impactful, attention-grabbing, modern","Headlines, marketing, bold statements, CTA",https://fonts.google.com/share?selection.family=Anton|Inter:wght@400;500;600;700,@import url('https://fonts.googleapis.com/css2?family=Anton&family=Inter:wght@400;500;600;700&display=swap');,"fontFamily: { heading: ['Anton', 'sans-serif'], sans: ['Inter', 'sans-serif'] }",ULTRA BOLD for headlines. Maximum attention.
37,Righteous + Poppins,Sans-Sans,Righteous,Poppins,"Retro, playful, bold, unique","Gaming, entertainment, retro brands, creative",https://fonts.google.com/share?selection.family=Righteous|Poppins:wght@400;500;600;700,@import url('https://fonts.googleapis.com/css2?family=Righteous&family=Poppins:wght@400;500;600;700&display=swap');,"fontFamily: { heading: ['Righteous', 'sans-serif'], sans: ['Poppins', 'sans-serif'] }",Retro fun headings. Great for gaming and entertainment.
38,Permanent Marker + Inter,Hand-Sans,Permanent Marker,Inter,"Handwritten, bold, creative, artistic","Portfolios, creative projects, artistic, personal",https://fonts.google.com/share?selection.family=Permanent+Marker|Inter:wght@400;500;600;700,@import url('https://fonts.googleapis.com/css2?family=Permanent+Marker&family=Inter:wght@400;500;600;700&display=swap');,"fontFamily: { heading: ['Permanent Marker', 'cursive'], sans: ['Inter', 'sans-serif'] }",Bold handwritten for creative impact. Use sparingly.
39,Patrick Hand + Nunito,Hand-Sans,Patrick Hand,Nunito,"Handwritten, friendly, casual, personal","Personal blogs, education, casual, friendly",https://fonts.google.com/share?selection.family=Patrick+Hand|Nunito:wght@400;500;600;700,@import url('https://fonts.googleapis.com/css2?family=Patrick+Hand&family=Nunito:wght@400;500;600;700&display=swap');,"fontFamily: { heading: ['Patrick Hand', 'cursive'], sans: ['Nunito', 'sans-serif'] }",Friendly handwritten. Great for casual and education.
40,Indie Flower + Inter,Hand-Sans,Indie Flower,Inter,"Playful, handwritten, creative, fun","Creative projects, education, children's, fun",https://fonts.google.com/share?selection.family=Indie+Flower|Inter:wght@400;500;600;700,@import url('https://fonts.googleapis.com/css2?family=Indie+Flower&family=Inter:wght@400;500;600;700&display=swap');,"fontFamily: { heading: ['Indie Flower', 'cursive'], sans: ['Inter', 'sans-serif'] }",Playful handwritten. Fun and creative.
41,Orbitron + Rajdhani,Sans-Sans,Orbitron,Rajdhani,"Futuristic, sci-fi, tech, gaming, cyberpunk","Gaming, sci-fi, tech brands, crypto, futuristic",https://fonts.google.com/share?selection.family=Orbitron:wght@400;500;600;700|Rajdhani:wght@400;500;600;700,@import url('https://fonts.googleapis.com/css2?family=Orbitron:wght@400;500;600;700&family=Rajdhani:wght@400;500;600;700&display=swap');,"fontFamily: { heading: ['Orbitron', 'sans-serif'], sans: ['Rajdhani', 'sans-serif'] }",FUTURISTIC sci-fi fonts. Perfect for gaming and crypto.
42,Press Start 2P + VT323,Mono-Mono,Press Start 2P,VT323,"Pixel, retro, 8-bit, gaming, nostalgic","Indie games, retro apps, pixel art, nostalgic",https://fonts.google.com/share?selection.family=Press+Start+2P|VT323,@import url('https://fonts.googleapis.com/css2?family=Press+Start+2P&family=VT323&display=swap');,"fontFamily: { heading: ['Press Start 2P', 'monospace'], mono: ['VT323', 'monospace'] }",PIXEL fonts for retro gaming. 8-bit nostalgia.
43,Monoton + Raleway,Display-Sans,Monoton,Raleway,"Retro, neon, 80s, synthwave, cyberpunk","Music, retro brands, 80s aesthetic, neon",https://fonts.google.com/share?selection.family=Monoton|Raleway:wght@400;500;600;700,@import url('https://fonts.googleapis.com/css2?family=Monoton&family=Raleway:wght@400;500;600;700&display=swap');,"fontFamily: { heading: ['Monoton', 'cursive'], sans: ['Raleway', 'sans-serif'] }",RETRO NEON display. Maximum 80s vibe.
44,Faster One + Montserrat,Display-Sans,Faster One,Montserrat,"Speed, racing, sports, dynamic, fast","Sports, racing, automotive, dynamic brands",https://fonts.google.com/share?selection.family=Faster+One|Montserrat:wght@400;500;600;700,@import url('https://fonts.googleapis.com/css2?family=Faster+One&family=Montserrat:wght@400;500;600;700&display=swap');,"fontFamily: { heading: ['Faster One', 'cursive'], sans: ['Montserrat', 'sans-serif'] }",SPEED-THEMED display. Great for sports and automotive.
45,Alfa Slab One + Roboto Slab,Serif-Serif,Alfa Slab One,Roboto Slab,"Bold, slab serif, impactful, modern","Headlines, bold statements, marketing, editorial",https://fonts.google.com/share?selection.family=Alfa+Slab+One|Roboto+Slab:wght@400;500;600;700,@import url('https://fonts.googleapis.com/css2?family=Alfa+Slab+One&family=Roboto+Slab:wght@400;500;600;700&display=swap');,"fontFamily: { heading: ['Alfa Slab One', 'serif'], serif: ['Roboto Slab', 'serif'] }",BOLD slab serif for impact. Modern editorial feel.
46,Creepster + Roboto,Display-Sans,Creepster,Roboto,"Spooky, halloween, horror, fun, thematic","Halloween, horror, themed events, fun projects",https://fonts.google.com/share?selection.family=Creepster|Roboto:wght@400;500;600;700,@import url('https://fonts.googleapis.com/css2?family=Creepster&family=Roboto:wght@400;500;600;700&display=swap');,"fontFamily: { heading: ['Creepster', 'cursive'], sans: ['Roboto', 'sans-serif'] }",SPOOKY themed display. Fun for seasonal projects.
47,Lobster + Open Sans,Display-Sans,Lobster,Open Sans,"Retro, script, playful, vintage","Restaurants, food, retro brands, casual",https://fonts.google.com/share?selection.family=Lobster|Open+Sans:wght@400;500;600;700,@import url('https://fonts.googleapis.com/css2?family=Lobster&family=Open+Sans:wght@400;500;600;700&display=swap');,"fontFamily: { heading: ['Lobster', 'cursive'], sans: ['Open Sans', 'sans-serif'] }",RETRO SCRIPT for casual and food brands.
48,Dancing Script + Lato,Script-Sans,Dancing Script,Lato,"Elegant script, cursive, sophisticated, wedding","Weddings, luxury, elegant brands, invitations",https://fonts.google.com/share?selection.family=Dancing+Script:wght@400;500;600;700|Lato:wght@400;300;700,@import url('https://fonts.googleapis.com/css2?family=Dancing+Script:wght@400;500;600;700&family=Lato:wght@400;300;700&display=swap');,"fontFamily: { heading: ['Dancing Script', 'cursive'], sans: ['Lato', 'sans-serif'] }",ELEGANT SCRIPT for luxury and events.
49,Great Vibes + Playfair Display,Script-Serif,Great Vibes,Playfair Display,"Elegant script, luxury, sophisticated, premium","Luxury brands, weddings, premium services, high-end",https://fonts.google.com/share?selection.family=Great+Vibes|Playfair+Display:wght@400;500;600;700,@import url('https://fonts.googleapis.com/css2?family=Great+Vibes&family=Playfair+Display:wght@400;500;600;700&display=swap');,"fontFamily: { heading: ['Great Vibes', 'cursive'], serif: ['Playfair Display', 'serif'] }",ULTRA ELEGANT script. Maximum luxury feel.
50,Pacifico + Quicksand,Script-Sans,Pacifico,Quicksand,"Retro, beach, casual, fun, laid-back","Beach brands, casual, food trucks, laid-back",https://fonts.google.com/share?selection.family=Pacifico|Quicksand:wght@400;500;600;700,@import url('https://fonts.googleapis.com/css2?family=Pacifico&family=Quicksand:wght@400;500;600;700&display=swap');,"fontFamily: { heading: ['Pacifico', 'cursive'], sans: ['Quicksand', 'sans-serif'] }",RETRO BEACH script. Fun and laid-back vibe.
51,Space Grotesk + DM Mono,Mono-Sans,Space Grotesk,DM Mono,"Tech, modern, code, developer, monospace","Developer tools, code editors, tech blogs, APIs",https://fonts.google.com/share?selection.family=Space+Grotesk:wght@400;500;600;700|DM+Mono:wght@400;500,@import url('https://fonts.googleapis.com/css2?family=Space+Grotesk:wght@400;500;600;700&family=DM+Mono:wght@400;500&display=swap');,"fontFamily: { heading: ['Space Grotesk', 'sans-serif'], mono: ['DM Mono', 'monospace'] }",Tech headings + code body. Perfect for developer tools.
52,Instrument Serif + Instrument Sans,Serif-Sans,Instrument Serif,Instrument Sans,"Elegant, modern, editorial, sophisticated","Editorial, luxury brands, fashion, premium content",https://fonts.google.com/share?selection.family=Instrument+Serif|Instrument+Sans:wght@400;500;600;700,@import url('https://fonts.googleapis.com/css2?family=Instrument+Serif&family=Instrument+Sans:wght@400;500;600;700&display=swap');,"fontFamily: { heading: ['Instrument Serif', 'serif'], sans: ['Instrument Sans', 'sans-serif'] }",PREMIUM serif + sans pairing. Ultra elegant.
53,Newsreader + Source Sans 3,Serif-Sans,Newsreader,Source Sans 3,"Readable, editorial, trustworthy, professional","News, blogs, documentation, legal, healthcare",https://fonts.google.com/share?selection.family=Newsreader:wght@400;500;600;700|Source+Sans+3:wght@400;500;600;700,@import url('https://fonts.googleapis.com/css2?family=Newsreader:wght@400;500;600;700&family=Source+Sans+3:wght@400;500;600;700&display=swap');,"fontFamily: { heading: ['Newsreader', 'serif'], sans: ['Source Sans 3', 'sans-serif'] }",Classic news serif + clean sans. Highly readable.
54,DM Serif Display + DM Sans,Serif-Sans,DM Serif Display,DM Sans,"Elegant, modern, sophisticated, premium","Premium brands, luxury, editorial, creative agencies",https://fonts.google.com/share?selection.family=DM+Serif+Display|DM+Sans:wght@400;500;600;700,@import url('https://fonts.googleapis.com/css2?family=DM+Serif+Display&family=DM+Sans:wght@400;500;600;700&display=swap');,"fontFamily: { heading: ['DM Serif Display', 'serif'], sans: ['DM Sans', 'sans-serif'] }",PREMIUM serif display + clean sans. Modern elegance.
55,Crimson Pro + Work Sans,Serif-Sans,Crimson Pro,Work Sans,"Classic, readable, editorial, professional","Editorial, news, blogs, documentation, academic",https://fonts.google.com/share?selection.family=Crimson+Pro:wght@400;500;600;700|Work+Sans:wght@400;500;600;700,@import url('https://fonts.googleapis.com/css2?family=Crimson+Pro:wght@400;500;600;700&family=Work+Sans:wght@400;500;600;700&display=swap');,"fontFamily: { heading: ['Crimson Pro', 'serif'], sans: ['Work Sans', 'sans-serif'] }",Classic serif + modern sans. Readable and professional.
56,IBM Plex Serif + IBM Plex Sans,Serif-Sans,IBM Plex Serif,IBM Plex Sans,"Technical, professional, corporate, enterprise","Enterprise, technical documentation, corporate",https://fonts.google.com/share?selection.family=IBM+Plex+Serif:wght@400;500;600;700|IBM+Plex+Sans:wght@400;500;600;700,@import url('https://fonts.googleapis.com/css2?family=IBM+Plex+Serif:wght@400;500;600;700&family=IBM+Plex+Sans:wght@400;500;600;700&display=swap');,"fontFamily: { heading: ['IBM Plex Serif', 'serif'], sans: ['IBM Plex Sans', 'sans-serif'] }",ENTERPRISE serif + sans. Professional and technical.
57,Source Serif 4 + Source Sans 3,Serif-Sans,Source Serif 4,Source Sans 3,"Readable, classic, editorial, professional","Editorial, news, blogs, documentation, academic",https://fonts.google.com/share?selection.family=Source+Serif+4:wght@400;500;600;700|Source+Sans+3:wght@400;500;600;700,@import url('https://fonts.googleapis.com/css2?family=Source+Serif+4:wght@400;500;600;700&family=Source+Sans+3:wght@400;500;600;700&display=swap');,"fontFamily: { heading: ['Source Serif 4', 'serif'], sans: ['Source Sans 3', 'sans-serif'] }",Classic serif + sans pairing. Highly readable.
58,PT Serif + PT Sans,Serif-Sans,PT Serif,PT Sans,"Classic, readable, professional, editorial","Editorial, news, blogs, documentation, academic",https://fonts.google.com/share?selection.family=PT+Serif:wght@400;700|PT+Sans:wght@400;700,@import url('https://fonts.googleapis.com/css2?family=PT+Serif:wght@400;700&family=PT+Sans:wght@400;700&display=swap');,"fontFamily: { heading: ['PT Serif', 'serif'], sans: ['PT Sans', 'sans-serif'] }",Classic Russian serif + sans. Readable and professional.
59,Playfair Display + Source Sans 3,Serif-Sans,Playfair Display,Source Sans 3,"Elegant, editorial, sophisticated, premium","Editorial, luxury brands, fashion, premium content",https://fonts.google.com/share?selection.family=Playfair+Display:wght@400;500;600;700|Source+Sans+3:wght@400;500;600;700,@import url('https://fonts.googleapis.com/css2?family=Playfair+Display:wght@400;500;600;700&family=Source+Sans+3:wght@400;500;600;700&display=swap');,"fontFamily: { heading: ['Playfair Display', 'serif'], sans: ['Source Sans 3', 'sans-serif'] }",PREMIUM serif + clean sans. Ultra elegant.
60,EB Garamond + Inter,Serif-Sans,EB Garamond,Inter,"Classic, elegant, readable, editorial","Editorial, luxury brands, academic, premium content",https://fonts.google.com/share?selection.family=EB+Garamond:wght@400;500;600;700|Inter:wght@400;500;600;700,@import url('https://fonts.googleapis.com/css2?family=EB+Garamond:wght@400;500;600;700&family=Inter:wght@400;500;600;700&display=swap');,"fontFamily: { heading: ['EB Garamond', 'serif'], sans: ['Inter', 'sans-serif'] }",CLASSIC Garamond serif + modern sans. Timeless elegance.
62,Cabinet Grotesk + Inter,Sans-Sans,Cabinet Grotesk,Inter,"Bold, modern, tech, geometric, clean","Tech brands, startups, developer tools, AI products",Not on Google Fonts (use Fontshare),@import url('https://api.fontshare.com/v2/css?f[]=cabinet-grotesk@400;500;600;700&f[]=inter@400;500;600;700&display=swap');,"fontFamily: { heading: ['Cabinet Grotesk', 'sans-serif'], sans: ['Inter', 'sans-serif'] }",Bold modern headings + clean body. Great for tech brands.
63,Bespoke Serif + Satoshi,Serif-Sans,Bespoke Serif,Satoshi,"Premium, editorial, sophisticated, luxury, clean","Luxury brands, editorial, premium content, fashion",Not on Google Fonts (use Fontshare),@import url('https://api.fontshare.com/v2/css?f[]=bespoke-serif@400;500;600;700&f[]=satoshi@400;500;600;700&display=swap');,"fontFamily: { heading: ['Bespoke Serif', 'serif'], sans: ['Satoshi', 'sans-serif'] }",Premium serif + clean sans. Luxury editorial feel.
64,Zodiak + Raleway,Serif-Sans,Zodiak,Raleway,"Artistic, serif, elegant, creative, sophisticated","Creative agencies, portfolios, editorial, artistic brands",Not on Google Fonts (use Fontshare),@import url('https://api.fontshare.com/v2/css?f[]=zodiak@400;500;600;700&f[]=raleway@400;500;600;700&display=swap');,"fontFamily: { heading: ['Zodiak', 'serif'], sans: ['Raleway', 'sans-serif'] }",Artistic serif headings + elegant sans. Creative flair.
65,Excon + Inter,Sans-Sans,Excon,Inter,"Futuristic, readable, modern, geometric, clean","AI products, tech platforms, futuristic brands, SaaS",Not on Google Fonts (use Fontshare),@import url('https://api.fontshare.com/v2/css?f[]=excon@400;500;600;700&f[]=inter@400;500;600;700&display=swap');,"fontFamily: { heading: ['Excon', 'sans-serif'], sans: ['Inter', 'sans-serif'] }",Futuristic headings + highly readable body. AI-ready.
66,Gambarino + Satoshi,Serif-Sans,Gambarino,Satoshi,"Display, serif, modern, editorial, bold","Editorial, magazines, creative agencies, premium brands",Not on Google Fonts (use Fontshare),@import url('https://api.fontshare.com/v2/css?f[]=gambarino@400;500;600;700&f[]=satoshi@400;500;600;700&display=swap');,"fontFamily: { heading: ['Gambarino', 'serif'], sans: ['Satoshi', 'sans-serif'] }",Display serif headings + modern sans. Editorial impact.
67,Telma + Switzer,Cursive-Sans,Telma,Switzer,"Bold, cursive, clean, modern, fashion-forward","Fashion, beauty, lifestyle, luxury brands",Not on Google Fonts (use Fontshare),@import url('https://api.fontshare.com/v2/css?f[]=telma@400;500;600;700&f[]=switzer@400;500;600;700&display=swap');,"fontFamily: { heading: ['Telma', 'cursive'], sans: ['Switzer', 'sans-serif'] }",Bold cursive headings + clean sans. Perfect for fashion.
68,Techor + DM Sans,Sans-Sans,Techor,DM Sans,"Neon, tech, geometric, futuristic, bold","Gaming, esports, tech brands, futuristic products",Not on Google Fonts (use Fontshare),@import url('https://api.fontshare.com/v2/css?f[]=techor@400;500;600;700&f[]=dm-sans@400;500;600;700&display=swap');,"fontFamily: { heading: ['Techor', 'sans-serif'], sans: ['DM Sans', 'sans-serif'] }",Neon-tech headings + geometric body. Gaming aesthetic.
69,SOFIA + Montserrat,Sans-Sans,SOFIA,Montserrat,"Rounded, professional, friendly, clean, modern","Wellness, health, lifestyle, professional services",https://fonts.google.com/share?selection.family=SOFIA:wght@400;500;600;700|Montserrat:wght@400;500;600;700,@import url('https://fonts.googleapis.com/css2?family=SOFIA:wght@400;500;600;700|Montserrat:wght@400;500;600;700&display=swap');,"fontFamily: { heading: ['SOFIA', 'sans-serif'], sans: ['Montserrat', 'sans-serif'] }",Rounded headings + professional body. Great for wellness.
70,Nyght Serif + Instrument Sans,Serif-Sans,Nyght Serif,Instrument Sans,"Elegant, serif, clean, sophisticated, beauty","Beauty, wellness, luxury, lifestyle brands",Not on Google Fonts (use Fontshare),@import url('https://api.fontshare.com/v2/css?f[]=nyght-serif@400;500;600;700&f[]=instrument-sans@400;500;600;700&display=swap');,"fontFamily: { heading: ['Nyght Serif', 'serif'], sans: ['Instrument Sans', 'sans-serif'] }",Elegant serif headings + clean sans. Perfect for beauty.
71,Montserrat Alternates + Inter,Sans-Sans,Montserrat Alternates,Inter,"Playful, readable, friendly, approachable, clean","Education, children's apps, creative learning, casual",https://fonts.google.com/share?selection.family=Montserrat+Alternates:wght@400;500;600;700|Inter:wght@400;500;600;700,@import url('https://fonts.googleapis.com/css2?family=Montserrat+Alternates:wght@400;500;600;700&family=Inter:wght@400;500;600;700&display=swap');,"fontFamily: { heading: ['Montserrat Alternates', 'sans-serif'], sans: ['Inter', 'sans-serif'] }",Playful rounded headings + clean body. Great for education.
72,Lora + Inter,Serif-Sans,Lora,Inter,"Classic, serif, modern, sans, readable, editorial","Blogs, editorial, content sites, personal blogs",https://fonts.google.com/share?selection.family=Lora:wght@400;500;600;700|Inter:wght@400;500;600;700,@import url('https://fonts.googleapis.com/css2?family=Lora:wght@400;500;600;700&family=Inter:wght@400;500;600;700&display=swap');,"fontFamily: { heading: ['Lora', 'serif'], sans: ['Inter', 'sans-serif'] }",Classic serif headings + modern sans body. Perfect for blogs.
73,Fraunces + Work Sans,Serif-Sans,Fraunces,Work Sans,"Soft, serif, clean, editorial, modern","Editorial, lifestyle, fashion, premium content",https://fonts.google.com/share?selection.family=Fraunces:wght@400;500;600;700|Work+Sans:wght@400;500;600;700,@import url('https://fonts.googleapis.com/css2?family=Fraunces:wght@400;500;600;700&family=Work+Sans:wght@400;500;600;700&display=swap');,"fontFamily: { heading: ['Fraunces', 'serif'], sans: ['Work Sans', 'sans-serif'] }",Soft serif headings + clean sans. Great for editorial.
74,Epilogue + Epilogue,Sans-Sans,Epilogue,Epilogue,"Modern, geometric, clean, minimal, versatile","Portfolios, creative agencies, modern brands, personal sites",https://fonts.google.com/share?selection.family=Epilogue:wght@400;500;600;700,@import url('https://fonts.googleapis.com/css2?family=Epilogue:wght@400;500;600;700&display=swap');,"fontFamily: { sans: ['Epilogue', 'sans-serif'] }",Modern geometric. Clean and minimal for portfolios.
75,Bebas Neue + Roboto,Sans-Sans,Bebas Neue,Roboto,"Bold, condensed, clean, impactful, sporty","Sports, fitness, headlines, action brands, automotive",https://fonts.google.com/share?selection.family=Bebas+Neue|Roboto:wght@400;500;600;700,@import url('https://fonts.googleapis.com/css2?family=Bebas+Neue&family=Roboto:wght@400;500;600;700&display=swap');,"fontFamily: { heading: ['Bebas Neue', 'sans-serif'], sans: ['Roboto', 'sans-serif'] }",Bold condensed headings + clean body. Maximum sport impact.
76,Varela Round + Quicksand,Sans-Sans,Varela Round,Quicksand,"Rounded, friendly, playful, approachable, warm","Children's apps, education, games, casual, family",https://fonts.google.com/share?selection.family=Varela+Round|Quicksand:wght@400;500;600;700,@import url('https://fonts.googleapis.com/css2?family=Varela+Round&family=Quicksand:wght@400;500;600;700&display=swap');,"fontFamily: { heading: ['Varela Round', 'sans-serif'], sans: ['Quicksand', 'sans-serif'] }",Rounded and friendly. Perfect for children's content.
77,Space Grotesk + Work Sans,Sans-Sans,Space Grotesk,Work Sans,"Techy, modern, geometric, contemporary","Tech startups, dev tools, agencies",https://fonts.google.com/share?selection.family=Space+Grotesk:wght@400;500;600;700|Work+Sans:wght@400;500;600;700,@import url('https://fonts.googleapis.com/css2?family=Space+Grotesk:wght@400;500;600;700&family=Work+Sans:wght@400;500;600;700&display=swap');,"fontFamily: { heading: ['Space Grotesk', 'sans-serif'], sans: ['Work Sans', 'sans-serif'] }",Quirky tech headings with a highly readable body.
78,Manrope + Source Sans 3,Sans-Sans,Manrope,Source Sans 3,"Clean, product-focused, semi-geometric","Product sites, fintech, B2B",https://fonts.google.com/share?selection.family=Manrope:wght@400;500;600;700|Source+Sans+3:wght@400;500;600;700,@import url('https://fonts.googleapis.com/css2?family=Manrope:wght@400;500;600;700&family=Source+Sans+3:wght@400;500;600;700&display=swap');,"fontFamily: { heading: ['Manrope', 'sans-serif'], sans: ['Source Sans 3', 'sans-serif'] }",Manrope's tight apertures + neutral Source Sans body.
79,Urbanist + Nunito Sans,Sans-Sans,Urbanist,Nunito Sans,"Friendly, low-contrast, approachable","Consumer apps, wellness, education",https://fonts.google.com/share?selection.family=Urbanist:wght@400;500;600;700|Nunito+Sans:wght@400;500;600;700,@import url('https://fonts.googleapis.com/css2?family=Urbanist:wght@400;500;600;700&family=Nunito+Sans:wght@400;500;600;700&display=swap');,"fontFamily: { heading: ['Urbanist', 'sans-serif'], sans: ['Nunito Sans', 'sans-serif'] }",Soft geometric headings with rounded humanist body.
80,Plus Jakarta Sans + IBM Plex Sans,Sans-Sans,Plus Jakarta Sans,IBM Plex Sans,"Startup, professional, contemporary","Startups, dashboards, enterprise",https://fonts.google.com/share?selection.family=Plus+Jakarta+Sans:wght@400;500;600;700|IBM+Plex+Sans:wght@400;500;600;700,@import url('https://fonts.googleapis.com/css2?family=Plus+Jakarta+Sans:wght@400;500;600;700&family=IBM+Plex+Sans:wght@400;500;600;700&display=swap');,"fontFamily: { heading: ['Plus Jakarta Sans', 'sans-serif'], sans: ['IBM Plex Sans', 'sans-serif'] }",Distinctive Jakarta headings; engineered Plex body.
81,Lexend + Roboto,Sans-Sans,Lexend,Roboto,"Readable, accessible, calm","Accessibility-first products, edtech, reading apps",https://fonts.google.com/share?selection.family=Lexend:wght@400;500;600;700|Roboto:wght@400;500;600;700,@import url('https://fonts.googleapis.com/css2?family=Lexend:wght@400;500;600;700&family=Roboto:wght@400;500;600;700&display=swap');,"fontFamily: { heading: ['Lexend', 'sans-serif'], sans: ['Roboto', 'sans-serif'] }",Lexend is designed to improve reading proficiency.
82,Unbounded + Inter,Display-Sans,Unbounded,Inter,"Bold, wide, futuristic, loud","Hero sections, crypto, events, streetwear",https://fonts.google.com/share?selection.family=Unbounded:wght@400;500;600;700|Inter:wght@400;500;600;700,@import url('https://fonts.googleapis.com/css2?family=Unbounded:wght@400;500;600;700&family=Inter:wght@400;500;600;700&display=swap');,"fontFamily: { heading: ['Unbounded', 'sans-serif'], sans: ['Inter', 'sans-serif'] }",Very wide display face - use for short headlines only.
83,Syne + Inter,Display-Sans,Syne,Inter,"Artistic, avant-garde, gallery-like","Creative agencies, portfolios, exhibitions",https://fonts.google.com/share?selection.family=Syne:wght@400;500;600;700|Inter:wght@400;500;600;700,@import url('https://fonts.googleapis.com/css2?family=Syne:wght@400;500;600;700&family=Inter:wght@400;500;600;700&display=swap');,"fontFamily: { heading: ['Syne', 'sans-serif'], sans: ['Inter', 'sans-serif'] }",Syne's unusual widths give instant art-direction.
84,Libre Baskerville + Open Sans,Serif-Sans,Libre Baskerville,Open Sans,"Traditional, trustworthy, readable","Law firms, insurance, long-form content",https://fonts.google.com/share?selection.family=Libre+Baskerville:wght@400;500;600;700|Open+Sans:wght@400;500;600;700,@import url('https://fonts.googleapis.com/css2?family=Libre+Baskerville:wght@400;500;600;700&family=Open+Sans:wght@400;500;600;700&display=swap');,"fontFamily: { heading: ['Libre Baskerville', 'sans-serif'], sans: ['Open Sans', 'sans-serif'] }",Screen-optimized Baskerville with neutral Open Sans.
85,Lora + Karla,Serif-Sans,Lora,Karla,"Blog-friendly, warm, contemporary","Blogs, content platforms, personal sites",https://fonts.google.com/share?selection.family=Lora:wght@400;500;600;700|Karla:wght@400;500;600;700,@import url('https://fonts.googleapis.com/css2?family=Lora:wght@400;500;600;700&family=Karla:wght@400;500;600;700&display=swap');,"fontFamily: { heading: ['Lora', 'sans-serif'], sans: ['Karla', 'sans-serif'] }",Brushed curves of Lora complement Karla's quirk.
86,Newsreader + Inter,Serif-Sans,Newsreader,Inter,"Journalistic, modern-news, clean","News sites, newsletters, magazines",https://fonts.google.com/share?selection.family=Newsreader:wght@400;500;600;700|Inter:wght@400;500;600;700,@import url('https://fonts.googleapis.com/css2?family=Newsreader:wght@400;500;600;700&family=Inter:wght@400;500;600;700&display=swap');,"fontFamily: { heading: ['Newsreader', 'sans-serif'], sans: ['Inter', 'sans-serif'] }",Editorial serif designed for on-screen news reading.
87,Zilla Slab + Roboto,Slab-Sans,Zilla Slab,Roboto,"Mozilla-ish, honest, technical","Open-source projects, docs, dev brands",https://fonts.google.com/share?selection.family=Zilla+Slab:wght@400;500;600;700|Roboto:wght@400;500;600;700,@import url('https://fonts.googleapis.com/css2?family=Zilla+Slab:wght@400;500;600;700&family=Roboto:wght@400;500;600;700&display=swap');,"fontFamily: { heading: ['Zilla Slab', 'sans-serif'], sans: ['Roboto', 'sans-serif'] }",Slab serifs feel engineered without being cold.
88,Roboto Slab + Open Sans,Slab-Sans,Roboto Slab,Open Sans,"Sturdy, utilitarian, friendly","Government, logistics, industrial",https://fonts.google.com/share?selection.family=Roboto+Slab:wght@400;500;600;700|Open+Sans:wght@400;500;600;700,@import url('https://fonts.googleapis.com/css2?family=Roboto+Slab:wght@400;500;600;700&family=Open+Sans:wght@400;500;600;700&display=swap');,"fontFamily: { heading: ['Roboto Slab', 'sans-serif'], sans: ['Open Sans', 'sans-serif'] }",Dependable slab-and-sans workhorse pairing.
89,Spectral + Mulish,Serif-Sans,Spectral,Mulish,"Literary, screen-first, minimal","Reading apps, essays, digital books",https://fonts.google.com/share?selection.family=Spectral:wght@400;500;600;700|Mulish:wght@400;500;600;700,@import url('https://fonts.googleapis.com/css2?family=Spectral:wght@400;500;600;700&family=Mulish:wght@400;500;600;700&display=swap');,"fontFamily: { heading: ['Spectral', 'sans-serif'], sans: ['Mulish', 'sans-serif'] }",Spectral is designed specifically for screen literature.
90,Crimson Pro + Nunito Sans,Serif-Sans,Crimson Pro,Nunito Sans,"Bookish, gentle, old-style","Publishing, courses, storytelling",https://fonts.google.com/share?selection.family=Crimson+Pro:wght@400;500;600;700|Nunito+Sans:wght@400;500;600;700,@import url('https://fonts.googleapis.com/css2?family=Crimson+Pro:wght@400;500;600;700&family=Nunito+Sans:wght@400;500;600;700&display=swap');,"fontFamily: { heading: ['Crimson Pro', 'sans-serif'], sans: ['Nunito Sans', 'sans-serif'] }",Old-style garamond feel with soft rounded body.
91,Bodoni Moda + Raleway,Serif-Sans,Bodoni Moda,Raleway,"High-fashion, dramatic, luxury","Fashion editorials, cosmetics, galleries",https://fonts.google.com/share?selection.family=Bodoni+Moda:wght@400;500;600;700|Raleway:wght@400;500;600;700,@import url('https://fonts.googleapis.com/css2?family=Bodoni+Moda:wght@400;500;600;700&family=Raleway:wght@400;500;600;700&display=swap');,"fontFamily: { heading: ['Bodoni Moda', 'sans-serif'], sans: ['Raleway', 'sans-serif'] }",Extreme thick-thin contrast = instant couture.
92,Abril Fatface + PT Sans,Display-Serif,Abril Fatface,PT Sans,"Magazine, poster, bold-editorial","Magazines, posters, sale banners",https://fonts.google.com/share?selection.family=Abril+Fatface:wght@400;500;600;700|PT+Sans:wght@400;500;600;700,@import url('https://fonts.googleapis.com/css2?family=Abril+Fatface:wght@400;500;600;700&family=PT+Sans:wght@400;500;600;700&display=swap');,"fontFamily: { heading: ['Abril Fatface', 'sans-serif'], sans: ['PT Sans', 'sans-serif'] }",Fatface didone headlines demand simple body text.
93,Bebas Neue + Inter,Display-Sans,Bebas Neue,Inter,"Sporty, condensed, impactful","Sports, events, fitness, automotive",https://fonts.google.com/share?selection.family=Bebas+Neue:wght@400;500;600;700|Inter:wght@400;500;600;700,@import url('https://fonts.googleapis.com/css2?family=Bebas+Neue:wght@400;500;600;700&family=Inter:wght@400;500;600;700&display=swap');,"fontFamily: { heading: ['Bebas Neue', 'sans-serif'], sans: ['Inter', 'sans-serif'] }",All-caps condensed headers; keep body quiet.
94,Anton + Roboto,Display-Sans,Anton,Roboto,"Impact, poster, heavy","Campaign pages, trailers, streetwear",https://fonts.google.com/share?selection.family=Anton:wght@400;500;600;700|Roboto:wght@400;500;600;700,@import url('https://fonts.googleapis.com/css2?family=Anton:wght@400;500;600;700&family=Roboto:wght@400;500;600;700&display=swap');,"fontFamily: { heading: ['Anton', 'sans-serif'], sans: ['Roboto', 'sans-serif'] }",Single ultra-bold weight - maximum shout.
95,Teko + Barlow,Display-Sans,Teko,Barlow,"Technical, sporty, compact","Dashboards, esports, automotive UI",https://fonts.google.com/share?selection.family=Teko:wght@400;500;600;700|Barlow:wght@400;500;600;700,@import url('https://fonts.googleapis.com/css2?family=Teko:wght@400;500;600;700&family=Barlow:wght@400;500;600;700&display=swap');,"fontFamily: { heading: ['Teko', 'sans-serif'], sans: ['Barlow', 'sans-serif'] }",Short x-height Teko pairs well with low-round Barlow.
96,Chakra Petch + Sarabun,Display-Sans,Chakra Petch,Sarabun,"Gaming, techy, angular","Gaming, esports, tech landing pages",https://fonts.google.com/share?selection.family=Chakra+Petch:wght@400;500;600;700|Sarabun:wght@400;500;600;700,@import url('https://fonts.googleapis.com/css2?family=Chakra+Petch:wght@400;500;600;700&family=Sarabun:wght@400;500;600;700&display=swap');,"fontFamily: { heading: ['Chakra Petch', 'sans-serif'], sans: ['Sarabun', 'sans-serif'] }",Squared terminals give a HUD/interface feel.
97,Audiowide + Exo 2,Display-Sans,Audiowide,Exo 2,"Retro-futuristic, arcade, wide","Arcade games, music tech, gadgets",https://fonts.google.com/share?selection.family=Audiowide:wght@400;500;600;700|Exo+2:wght@400;500;600;700,@import url('https://fonts.googleapis.com/css2?family=Audiowide:wght@400;500;600;700&family=Exo+2:wght@400;500;600;700&display=swap');,"fontFamily: { heading: ['Audiowide', 'sans-serif'], sans: ['Exo 2', 'sans-serif'] }",Wide techno letterforms + technical humanist body.
98,Michroma + Titillium Web,Display-Sans,Michroma,Titillium Web,"Aerospace, precise, wide","Aviation, robotics, engineering",https://fonts.google.com/share?selection.family=Michroma:wght@400;500;600;700|Titillium+Web:wght@400;500;600;700,@import url('https://fonts.googleapis.com/css2?family=Michroma:wght@400;500;600;700&family=Titillium+Web:wght@400;500;600;700&display=swap');,"fontFamily: { heading: ['Michroma', 'sans-serif'], sans: ['Titillium Web', 'sans-serif'] }",NASA-worm vibes with an Italian tech sans.
99,Major Mono Display + Space Mono,Mono-Display,Major Mono Display,Space Mono,"Experimental, art-project, mono","Experimental portfolios, studios",https://fonts.google.com/share?selection.family=Major+Mono+Display:wght@400;500;600;700|Space+Mono:wght@400;500;600;700,@import url('https://fonts.googleapis.com/css2?family=Major+Mono+Display:wght@400;500;600;700&family=Space+Mono:wght@400;500;600;700&display=swap');,"fontFamily: { heading: ['Major Mono Display', 'sans-serif'], sans: ['Space Mono', 'sans-serif'] }","Lowercase-only hybrid mono - very niche, very cool."
100,Fira Code + Fira Sans,Mono-Sans,Fira Code,Fira Sans,"Developer, ligatures, humanist","Coding tutorials, docs, devblogs",https://fonts.google.com/share?selection.family=Fira+Code:wght@400;500;600;700|Fira+Sans:wght@400;500;600;700,@import url('https://fonts.googleapis.com/css2?family=Fira+Code:wght@400;500;600;700&family=Fira+Sans:wght@400;500;600;700&display=swap');,"fontFamily: { heading: ['Fira Code', 'sans-serif'], sans: ['Fira Sans', 'sans-serif'] }",Ligature-rich code font with its sibling text face.
101,Space Mono + Space Grotesk,Mono-Sans,Space Mono,Space Grotesk,"Techy-editorial, quirky, retro-tech","Tech magazines, zines, creative labs",https://fonts.google.com/share?selection.family=Space+Mono:wght@400;500;600;700|Space+Grotesk:wght@400;500;600;700,@import url('https://fonts.googleapis.com/css2?family=Space+Mono:wght@400;500;600;700&family=Space+Grotesk:wght@400;500;600;700&display=swap');,"fontFamily: { heading: ['Space Mono', 'sans-serif'], sans: ['Space Grotesk', 'sans-serif'] }",Both from the same Space family - odd but harmonious.
102,Pacifico + Montserrat,Handwritten-Sans,Pacifico,Montserrat,"Playful, surf, retro-script","Food trucks, beach brands, fun logos",https://fonts.google.com/share?selection.family=Pacifico:wght@400;500;600;700|Montserrat:wght@400;500;600;700,@import url('https://fonts.googleapis.com/css2?family=Pacifico:wght@400;500;600;700&family=Montserrat:wght@400;500;600;700&display=swap');,"fontFamily: { heading: ['Pacifico', 'sans-serif'], sans: ['Montserrat', 'sans-serif'] }",Thick brush script balanced by neutral geometry.
103,Righteous + Nunito,Display-Sans,Righteous,Nunito,"Fun, deco-ish, friendly","Event pages, games, youth brands",https://fonts.google.com/share?selection.family=Righteous:wght@400;500;600;700|Nunito:wght@400;500;600;700,@import url('https://fonts.googleapis.com/css2?family=Righteous:wght@400;500;600;700&family=Nunito:wght@400;500;600;700&display=swap');,"fontFamily: { heading: ['Righteous', 'sans-serif'], sans: ['Nunito', 'sans-serif'] }",Art-deco flavored display with soft rounded body.
104,Fredoka + Quicksand,Handwritten-Sans,Fredoka,Quicksand,"Kids, rounded, cheerful","Kids products, toys, learning games",https://fonts.google.com/share?selection.family=Fredoka:wght@400;500;600;700|Quicksand:wght@400;500;600;700,@import url('https://fonts.googleapis.com/css2?family=Fredoka:wght@400;500;600;700&family=Quicksand:wght@400;500;600;700&display=swap');,"fontFamily: { heading: ['Fredoka', 'sans-serif'], sans: ['Quicksand', 'sans-serif'] }",Maximum roundness - zero sharp corners anywhere.
